,0
0,-0.145
1,-0.145
2,-0.145
3,-0.145
4,-0.145
5,-0.145
6,-0.145
7,-0.145
8,-0.12
9,-0.135
10,-0.145
11,-0.15
12,-0.16
13,-0.155
14,-0.16
15,-0.175
16,-0.18
17,-0.185
18,-0.17
19,-0.155
20,-0.175
21,-0.18
22,-0.19
23,-0.18
24,-0.155
25,-0.135
26,-0.155
27,-0.19
28,-0.205
29,-0.235
30,-0.225
31,-0.245
32,-0.25
33,-0.26
34,-0.275
35,-0.275
36,-0.275
37,-0.265
38,-0.255
39,-0.265
40,-0.275
41,-0.29
42,-0.29
43,-0.29
44,-0.29
45,-0.285
46,-0.295
47,-0.305
48,-0.285
49,-0.275
50,-0.275
51,-0.28
52,-0.285
53,-0.305
54,-0.29
55,-0.3
56,-0.28
57,-0.29
58,-0.3
59,-0.315
60,-0.32
61,-0.335
62,-0.36
63,-0.385
64,-0.385
65,-0.405
66,-0.455
67,-0.485
68,-0.485
69,-0.425
70,-0.33
71,-0.22
72,-0.07
73,0.12
74,0.375
75,0.62
76,0.78
77,0.84
78,0.765
79,0.52
80,0.17
81,-0.165
82,-0.365
83,-0.435
84,-0.425
85,-0.37
86,-0.33
87,-0.325
88,-0.335
89,-0.345
90,-0.33
91,-0.325
92,-0.315
93,-0.31
94,-0.32
95,-0.335
96,-0.34
97,-0.325
98,-0.345
99,-0.335
100,-0.33
101,-0.335
102,-0.33
103,-0.325
104,-0.33
105,-0.33
106,-0.345
107,-0.355
108,-0.335
109,-0.325
110,-0.305
111,-0.32
112,-0.32
113,-0.33
114,-0.34
115,-0.335
116,-0.34
117,-0.345
118,-0.355
119,-0.355
120,-0.34
121,-0.33
122,-0.33
123,-0.33
124,-0.34
125,-0.35
126,-0.325
127,-0.325
128,-0.33
129,-0.33
130,-0.335
131,-0.335
132,-0.34
133,-0.33
134,-0.34
135,-0.35
136,-0.355
137,-0.35
138,-0.345
139,-0.33
140,-0.32
141,-0.335
142,-0.33
143,-0.345
144,-0.33
145,-0.335
146,-0.335
147,-0.345
148,-0.345
149,-0.355
150,-0.34
151,-0.34
152,-0.335
153,-0.33
154,-0.35
155,-0.35
156,-0.345
157,-0.335
158,-0.335
159,-0.335
160,-0.35
161,-0.355
162,-0.355
163,-0.345
164,-0.345
165,-0.335
166,-0.35
167,-0.36
168,-0.36
169,-0.36
170,-0.365
171,-0.36
172,-0.37
173,-0.385
174,-0.37
175,-0.36
176,-0.355
177,-0.36
178,-0.375
179,-0.375
180,-0.365
181,-0.365
182,-0.36
183,-0.36
184,-0.365
185,-0.37
186,-0.355
187,-0.33
188,-0.325
189,-0.325
190,-0.335
191,-0.34
192,-0.315
193,-0.3
194,-0.3
195,-0.29
196,-0.295
197,-0.29
198,-0.285
199,-0.275
200,-0.255
201,-0.25
202,-0.25
203,-0.265
204,-0.255
205,-0.245
206,-0.23
207,-0.245
208,-0.245
209,-0.255
210,-0.255
211,-0.24
212,-0.25
213,-0.255
214,-0.245
215,-0.255
216,-0.25
217,-0.25
218,-0.265
219,-0.26
220,-0.26
221,-0.265
222,-0.27
223,-0.265
224,-0.26
225,-0.275
226,-0.28
227,-0.29
228,-0.275
229,-0.27
230,-0.26
231,-0.28
232,-0.28
233,-0.285
234,-0.275
235,-0.275
236,-0.265
237,-0.27
238,-0.285
239,-0.29
240,-0.28
241,-0.275
242,-0.285
243,-0.28
244,-0.3
245,-0.3
246,-0.305
247,-0.295
248,-0.3
249,-0.31
250,-0.31
251,-0.305
252,-0.295
253,-0.285
254,-0.285
255,-0.29
256,-0.295
257,-0.31
258,-0.29
259,-0.295
260,-0.3
261,-0.305
262,-0.31
263,-0.325
264,-0.31
265,-0.3
266,-0.29
267,-0.31
268,-0.325
269,-0.33
270,-0.315
271,-0.3
272,-0.305
273,-0.31
274,-0.32
275,-0.33
276,-0.325
277,-0.315
278,-0.31
279,-0.305
280,-0.305
281,-0.31
282,-0.3
283,-0.305
284,-0.29
285,-0.3
286,-0.3
287,-0.305
288,-0.305
289,-0.29
290,-0.28
291,-0.295
292,-0.305
293,-0.315
294,-0.305
295,-0.295
296,-0.29
297,-0.28
298,-0.27
299,-0.275
300,-0.275
301,-0.27
302,-0.25
303,-0.25
304,-0.255
305,-0.225
306,-0.22
307,-0.205
308,-0.2
309,-0.205
310,-0.215
311,-0.23
312,-0.22
313,-0.225
314,-0.225
315,-0.225
316,-0.23
317,-0.235
318,-0.24
319,-0.235
320,-0.22
321,-0.21
322,-0.205
323,-0.245
324,-0.285
325,-0.285
326,-0.3
327,-0.31
328,-0.33
329,-0.33
330,-0.325
331,-0.315
332,-0.32
333,-0.315
334,-0.325
335,-0.34
336,-0.345
337,-0.34
338,-0.34
339,-0.35
340,-0.345
341,-0.355
342,-0.33
343,-0.335
344,-0.33
345,-0.32
346,-0.345
347,-0.355
348,-0.34
349,-0.33
350,-0.325
351,-0.33
352,-0.35
353,-0.365
354,-0.36
355,-0.38
356,-0.425
357,-0.445
358,-0.475
359,-0.51
360,-0.535
361,-0.505
362,-0.415
363,-0.3
364,-0.16
365,-0.015
366,0.235
367,0.49
368,0.72
369,0.875
370,0.94
371,0.905
372,0.755
373,0.49
374,0.165
375,-0.11
376,-0.27
377,-0.39
378,-0.45
379,-0.475
380,-0.455
381,-0.425
382,-0.39
383,-0.39
384,-0.385
385,-0.39
386,-0.38
387,-0.38
388,-0.38
389,-0.395
390,-0.385
391,-0.385
392,-0.385
393,-0.375
394,-0.395
395,-0.41
396,-0.41
397,-0.4
398,-0.395
399,-0.39
400,-0.405
401,-0.395
402,-0.385
403,-0.375
404,-0.39
405,-0.39
406,-0.405
407,-0.41
408,-0.41
409,-0.39
410,-0.39
411,-0.395
412,-0.405
413,-0.415
414,-0.4
415,-0.41
416,-0.405
417,-0.41
418,-0.415
419,-0.41
420,-0.4
421,-0.4
422,-0.395
423,-0.39
424,-0.405
425,-0.41
426,-0.39
427,-0.39
428,-0.385
429,-0.385
430,-0.41
431,-0.405
432,-0.395
433,-0.39
434,-0.375
435,-0.39
436,-0.395
437,-0.41
438,-0.4
439,-0.39
440,-0.39
441,-0.385
442,-0.405
443,-0.415
444,-0.415
445,-0.4
446,-0.395
447,-0.405
448,-0.415
449,-0.42
450,-0.42
451,-0.41
452,-0.415
453,-0.425
454,-0.42
455,-0.435
456,-0.43
457,-0.43
458,-0.42
459,-0.43
460,-0.45
461,-0.455
462,-0.45
463,-0.435
464,-0.445
465,-0.45
466,-0.455
467,-0.47
468,-0.46
469,-0.455
470,-0.45
471,-0.455
472,-0.47
473,-0.475
474,-0.46
475,-0.45
476,-0.445
477,-0.44
478,-0.435
479,-0.44
480,-0.41
481,-0.395
482,-0.37
483,-0.365
484,-0.36
485,-0.365
486,-0.34
487,-0.325
488,-0.315
489,-0.32
490,-0.33
491,-0.33
492,-0.32
493,-0.31
494,-0.3
495,-0.3
496,-0.32
497,-0.32
498,-0.315
499,-0.305
500,-0.305
501,-0.295
502,-0.32
503,-0.33
504,-0.305
505,-0.31
506,-0.3
507,-0.3
508,-0.32
509,-0.325
510,-0.31
511,-0.305
512,-0.315
513,-0.305
514,-0.315
515,-0.315
516,-0.31
517,-0.295
518,-0.29
519,-0.305
520,-0.31
521,-0.32
522,-0.315
523,-0.3
524,-0.315
525,-0.315
526,-0.315
527,-0.33
528,-0.315
529,-0.32
530,-0.315
531,-0.325
532,-0.335
533,-0.34
534,-0.335
535,-0.335
536,-0.33
537,-0.325
538,-0.345
539,-0.35
540,-0.345
541,-0.335
542,-0.33
543,-0.33
544,-0.345
545,-0.345
546,-0.345
547,-0.32
548,-0.33
549,-0.335
550,-0.34
551,-0.355
552,-0.335
553,-0.33
554,-0.33
555,-0.335
556,-0.355
557,-0.36
558,-0.355
559,-0.35
560,-0.34
561,-0.345
562,-0.345
563,-0.345
564,-0.345
565,-0.33
566,-0.33
567,-0.335
568,-0.345
569,-0.35
570,-0.35
571,-0.34
572,-0.33
573,-0.345
574,-0.345
575,-0.355
576,-0.35
577,-0.34
578,-0.33
579,-0.34
580,-0.34
581,-0.34
582,-0.33
583,-0.335
584,-0.33
585,-0.335
586,-0.345
587,-0.345
588,-0.34
589,-0.33
590,-0.315
591,-0.295
592,-0.3
593,-0.295
594,-0.285
595,-0.275
596,-0.265
597,-0.265
598,-0.265
599,-0.255
600,-0.25
601,-0.24
602,-0.225
603,-0.215
604,-0.24
605,-0.245
606,-0.24
607,-0.245
608,-0.235
609,-0.245
610,-0.25
611,-0.275
612,-0.275
613,-0.265
614,-0.25
615,-0.225
616,-0.22
617,-0.23
618,-0.265
619,-0.27
620,-0.28
621,-0.285
622,-0.305
623,-0.32
624,-0.34
625,-0.33
626,-0.335
627,-0.335
628,-0.355
629,-0.37
630,-0.36
631,-0.345
632,-0.35
633,-0.355
634,-0.365
635,-0.375
636,-0.38
637,-0.37
638,-0.365
639,-0.365
640,-0.38
641,-0.385
642,-0.38
643,-0.375
644,-0.355
645,-0.37
646,-0.39
647,-0.405
648,-0.41
649,-0.435
650,-0.465
651,-0.49
652,-0.52
653,-0.555
654,-0.57
655,-0.525
656,-0.405
657,-0.25
658,-0.09
659,0.12
660,0.41
661,0.69
662,0.885
663,0.96
664,0.85
665,0.52
666,0.05
667,-0.32
668,-0.5
669,-0.505
670,-0.445
671,-0.415
672,-0.395
673,-0.39
674,-0.395
675,-0.39
676,-0.395
677,-0.405
678,-0.395
679,-0.405
680,-0.39
681,-0.395
682,-0.395
683,-0.41
684,-0.405
685,-0.4
686,-0.4
687,-0.415
688,-0.405
689,-0.42
690,-0.415
691,-0.405
692,-0.405
693,-0.42
694,-0.42
695,-0.435
696,-0.42
697,-0.41
698,-0.41
699,-0.405
700,-0.425
701,-0.43
702,-0.42
703,-0.415
704,-0.41
705,-0.41
706,-0.425
707,-0.42
708,-0.4
709,-0.395
710,-0.4
711,-0.4
712,-0.395
713,-0.415
714,-0.405
715,-0.39
716,-0.4
717,-0.4
718,-0.415
719,-0.425
720,-0.425
721,-0.415
722,-0.415
723,-0.41
724,-0.425
725,-0.425
726,-0.42
727,-0.415
728,-0.4
729,-0.4
730,-0.41
731,-0.425
732,-0.41
733,-0.405
734,-0.395
735,-0.4
736,-0.4
737,-0.405
738,-0.385
739,-0.4
740,-0.39
741,-0.39
742,-0.4
743,-0.415
744,-0.405
745,-0.405
746,-0.41
747,-0.415
748,-0.42
749,-0.42
750,-0.425
751,-0.415
752,-0.415
753,-0.41
754,-0.435
755,-0.43
756,-0.435
757,-0.42
758,-0.42
759,-0.42
760,-0.42
761,-0.425
762,-0.425
763,-0.415
764,-0.395
765,-0.395
766,-0.39
767,-0.375
768,-0.36
769,-0.34
770,-0.335
771,-0.33
772,-0.335
773,-0.335
774,-0.325
775,-0.32
776,-0.305
777,-0.305
778,-0.315
779,-0.31
780,-0.305
781,-0.3
782,-0.3
783,-0.3
784,-0.31
785,-0.31
786,-0.31
787,-0.315
788,-0.3
789,-0.305
790,-0.315
791,-0.32
792,-0.325
793,-0.31
794,-0.305
795,-0.305
796,-0.32
797,-0.325
798,-0.305
799,-0.31
800,-0.295
801,-0.31
802,-0.325
803,-0.33
804,-0.32
805,-0.32
806,-0.32
807,-0.325
808,-0.35
809,-0.35
810,-0.34
811,-0.335
812,-0.33
813,-0.335
814,-0.34
815,-0.36
816,-0.35
817,-0.35
818,-0.355
819,-0.36
820,-0.355
821,-0.365
822,-0.355
823,-0.35
824,-0.34
825,-0.355
826,-0.35
827,-0.365
828,-0.365
829,-0.35
830,-0.355
831,-0.35
832,-0.37
833,-0.38
834,-0.37
835,-0.36
836,-0.365
837,-0.36
838,-0.365
839,-0.38
840,-0.37
841,-0.365
842,-0.35
843,-0.35
844,-0.35
845,-0.37
846,-0.365
847,-0.345
848,-0.345
849,-0.34
850,-0.355
851,-0.365
852,-0.36
853,-0.355
854,-0.355
855,-0.355
856,-0.375
857,-0.385
858,-0.355
859,-0.36
860,-0.355
861,-0.36
862,-0.36
863,-0.37
864,-0.36
865,-0.345
866,-0.355
867,-0.345
868,-0.345
869,-0.345
870,-0.34
871,-0.31
872,-0.305
873,-0.305
874,-0.31
875,-0.305
876,-0.29
877,-0.285
878,-0.275
879,-0.28
880,-0.28
881,-0.275
882,-0.265
883,-0.255
884,-0.245
885,-0.26
886,-0.265
887,-0.275
888,-0.28
889,-0.265
890,-0.27
891,-0.275
892,-0.28
893,-0.275
894,-0.28
895,-0.275
896,-0.265
897,-0.255
898,-0.24
899,-0.26
900,-0.28
901,-0.31
902,-0.31
903,-0.345
904,-0.36
905,-0.38
906,-0.385
907,-0.38
908,-0.37
909,-0.375
910,-0.385
911,-0.39
912,-0.395
913,-0.385
914,-0.385
915,-0.385
916,-0.395
917,-0.405
918,-0.4
919,-0.375
920,-0.375
921,-0.39
922,-0.395
923,-0.415
924,-0.405
925,-0.4
926,-0.39
927,-0.405
928,-0.425
929,-0.46
930,-0.475
931,-0.505
932,-0.51
933,-0.525
934,-0.54
935,-0.6
936,-0.645
937,-0.63
938,-0.575
939,-0.495
940,-0.385
941,-0.27
942,-0.115
943,0.09
944,0.37
945,0.635
946,0.81
947,0.86
948,0.77
949,0.475
950,0.065
951,-0.305
952,-0.5
953,-0.52
954,-0.475
955,-0.41
956,-0.39
957,-0.39
958,-0.4
959,-0.41
960,-0.405
961,-0.385
962,-0.39
963,-0.395
964,-0.405
965,-0.41
966,-0.405
967,-0.4
968,-0.39
969,-0.395
970,-0.41
971,-0.415
972,-0.41
973,-0.395
974,-0.405
975,-0.41
976,-0.405
977,-0.405
978,-0.41
979,-0.39
980,-0.385
981,-0.39
982,-0.395
983,-0.4
984,-0.4
985,-0.4
986,-0.395
987,-0.395
988,-0.405
989,-0.405
990,-0.4
991,-0.395
992,-0.385
993,-0.375
994,-0.385
995,-0.395
996,-0.39
997,-0.385
998,-0.375
999,-0.385
1000,-0.395
1001,-0.395
1002,-0.385
1003,-0.375
1004,-0.375
1005,-0.385
1006,-0.395
1007,-0.39
1008,-0.39
1009,-0.365
1010,-0.375
1011,-0.385
1012,-0.395
1013,-0.38
1014,-0.385
1015,-0.375
1016,-0.38
1017,-0.39
1018,-0.38
1019,-0.375
1020,-0.375
1021,-0.375
1022,-0.375
1023,-0.38
1024,-0.39
1025,-0.39
1026,-0.365
1027,-0.37
1028,-0.375
1029,-0.385
1030,-0.39
1031,-0.39
1032,-0.375
1033,-0.365
1034,-0.385
1035,-0.38
1036,-0.39
1037,-0.375
1038,-0.375
1039,-0.365
1040,-0.37
1041,-0.385
1042,-0.395
1043,-0.385
1044,-0.385
1045,-0.37
1046,-0.365
1047,-0.37
1048,-0.375
1049,-0.35
1050,-0.335
1051,-0.32
1052,-0.315
1053,-0.32
1054,-0.325
1055,-0.315
1056,-0.295
1057,-0.285
1058,-0.3
1059,-0.295
1060,-0.285
1061,-0.285
1062,-0.28
1063,-0.27
1064,-0.28
1065,-0.29
1066,-0.295
1067,-0.295
1068,-0.29
1069,-0.28
1070,-0.29
1071,-0.295
1072,-0.31
1073,-0.295
1074,-0.285
1075,-0.28
1076,-0.275
1077,-0.295
1078,-0.305
1079,-0.3
1080,-0.295
1081,-0.295
1082,-0.285
1083,-0.3
1084,-0.305
1085,-0.3
1086,-0.295
1087,-0.3
1088,-0.305
1089,-0.315
1090,-0.31
1091,-0.315
1092,-0.295
1093,-0.3
1094,-0.31
1095,-0.33
1096,-0.34
1097,-0.33
1098,-0.32
1099,-0.32
1100,-0.315
1101,-0.325
1102,-0.335
1103,-0.33
1104,-0.315
1105,-0.32
1106,-0.32
1107,-0.33
1108,-0.345
1109,-0.34
1110,-0.335
1111,-0.33
1112,-0.335
1113,-0.345
1114,-0.35
1115,-0.345
1116,-0.34
1117,-0.335
1118,-0.335
1119,-0.33
1120,-0.335
1121,-0.34
1122,-0.335
1123,-0.32
1124,-0.34
1125,-0.34
1126,-0.35
1127,-0.365
1128,-0.36
1129,-0.345
1130,-0.345
1131,-0.35
1132,-0.35
1133,-0.35
1134,-0.34
1135,-0.34
1136,-0.345
1137,-0.345
1138,-0.38
1139,-0.36
1140,-0.36
1141,-0.345
1142,-0.345
1143,-0.35
1144,-0.355
1145,-0.345
1146,-0.33
1147,-0.33
1148,-0.335
1149,-0.335
1150,-0.34
1151,-0.33
1152,-0.32
1153,-0.29
1154,-0.29
1155,-0.3
1156,-0.305
1157,-0.285
1158,-0.28
1159,-0.275
1160,-0.28
1161,-0.275
1162,-0.27
1163,-0.265
1164,-0.25
1165,-0.23
1166,-0.245
1167,-0.24
1168,-0.255
1169,-0.255
1170,-0.245
1171,-0.235
1172,-0.255
1173,-0.265
1174,-0.26
1175,-0.255
1176,-0.27
1177,-0.265
1178,-0.28
1179,-0.255
1180,-0.25
1181,-0.245
1182,-0.265
1183,-0.28
1184,-0.3
1185,-0.315
1186,-0.325
1187,-0.335
1188,-0.345
1189,-0.33
1190,-0.335
1191,-0.345
1192,-0.36
1193,-0.35
1194,-0.34
1195,-0.335
1196,-0.345
1197,-0.36
1198,-0.365
1199,-0.375
1200,-0.37
1201,-0.365
1202,-0.365
1203,-0.38
1204,-0.375
1205,-0.375
1206,-0.365
1207,-0.37
1208,-0.36
1209,-0.37
1210,-0.38
1211,-0.365
1212,-0.36
1213,-0.35
1214,-0.355
1215,-0.37
1216,-0.385
1217,-0.395
1218,-0.43
1219,-0.445
1220,-0.485
1221,-0.515
1222,-0.565
1223,-0.555
1224,-0.475
1225,-0.355
1226,-0.22
1227,-0.055
1228,0.185
1229,0.475
1230,0.705
1231,0.82
1232,0.78
1233,0.535
1234,0.145
1235,-0.2
1236,-0.42
1237,-0.5
1238,-0.48
1239,-0.45
1240,-0.41
1241,-0.4
1242,-0.39
1243,-0.39
1244,-0.4
1245,-0.405
1246,-0.425
1247,-0.425
1248,-0.405
1249,-0.395
1250,-0.405
1251,-0.405
1252,-0.415
1253,-0.405
1254,-0.385
1255,-0.39
1256,-0.395
1257,-0.395
1258,-0.395
1259,-0.395
1260,-0.385
1261,-0.39
1262,-0.39
1263,-0.4
1264,-0.425
1265,-0.41
1266,-0.4
1267,-0.395
1268,-0.4
1269,-0.405
1270,-0.425
1271,-0.415
1272,-0.405
1273,-0.405
1274,-0.405
1275,-0.41
1276,-0.415
1277,-0.405
1278,-0.42
1279,-0.405
1280,-0.41
1281,-0.41
1282,-0.42
1283,-0.415
1284,-0.405
1285,-0.395
1286,-0.395
1287,-0.395
1288,-0.4
1289,-0.395
1290,-0.395
1291,-0.405
1292,-0.405
1293,-0.42
1294,-0.435
1295,-0.415
1296,-0.405
1297,-0.395
1298,-0.39
1299,-0.415
1300,-0.405
1301,-0.405
1302,-0.4
1303,-0.395
1304,-0.395
1305,-0.405
1306,-0.42
1307,-0.415
1308,-0.4
1309,-0.395
1310,-0.4
1311,-0.405
1312,-0.425
1313,-0.425
1314,-0.425
1315,-0.42
1316,-0.425
1317,-0.45
1318,-0.445
1319,-0.45
1320,-0.435
1321,-0.445
1322,-0.47
1323,-0.455
1324,-0.46
1325,-0.44
1326,-0.435
1327,-0.425
1328,-0.43
1329,-0.445
1330,-0.45
1331,-0.445
1332,-0.43
1333,-0.42
1334,-0.41
1335,-0.425
1336,-0.42
1337,-0.405
1338,-0.38
1339,-0.37
1340,-0.365
1341,-0.365
1342,-0.365
1343,-0.345
1344,-0.33
1345,-0.315
1346,-0.305
1347,-0.305
1348,-0.32
1349,-0.31
1350,-0.31
1351,-0.305
1352,-0.31
1353,-0.315
1354,-0.32
1355,-0.315
1356,-0.305
1357,-0.305
1358,-0.295
1359,-0.31
1360,-0.32
1361,-0.31
1362,-0.315
1363,-0.295
1364,-0.3
1365,-0.305
1366,-0.3
1367,-0.285
1368,-0.28
1369,-0.29
1370,-0.295
1371,-0.305
1372,-0.325
1373,-0.305
1374,-0.3
1375,-0.3
1376,-0.315
1377,-0.325
1378,-0.335
1379,-0.325
1380,-0.315
1381,-0.32
1382,-0.335
1383,-0.33
1384,-0.34
1385,-0.325
1386,-0.325
1387,-0.32
1388,-0.315
1389,-0.335
1390,-0.335
1391,-0.345
1392,-0.335
1393,-0.325
1394,-0.33
1395,-0.315
1396,-0.335
1397,-0.33
1398,-0.33
1399,-0.33
1400,-0.33
1401,-0.335
1402,-0.34
1403,-0.33
1404,-0.32
1405,-0.315
1406,-0.325
1407,-0.335
1408,-0.355
1409,-0.345
1410,-0.34
1411,-0.335
1412,-0.32
1413,-0.325
1414,-0.35
1415,-0.33
1416,-0.315
1417,-0.315
1418,-0.33
1419,-0.33
1420,-0.335
1421,-0.335
1422,-0.33
1423,-0.33
1424,-0.33
1425,-0.34
1426,-0.34
1427,-0.34
1428,-0.325
1429,-0.325
1430,-0.325
1431,-0.345
1432,-0.35
1433,-0.34
1434,-0.33
1435,-0.32
1436,-0.31
1437,-0.305
1438,-0.305
1439,-0.275
1440,-0.27
1441,-0.255
1442,-0.26
1443,-0.265
1444,-0.26
1445,-0.25
1446,-0.235
1447,-0.235
1448,-0.22
1449,-0.235
1450,-0.235
1451,-0.22
1452,-0.23
1453,-0.225
1454,-0.235
1455,-0.245
1456,-0.255
1457,-0.24
1458,-0.23
1459,-0.23
1460,-0.25
1461,-0.255
1462,-0.25
1463,-0.23
1464,-0.205
1465,-0.195
1466,-0.21
1467,-0.23
1468,-0.27
1469,-0.27
1470,-0.285
1471,-0.285
1472,-0.31
1473,-0.33
1474,-0.34
1475,-0.34
1476,-0.345
1477,-0.35
1478,-0.35
1479,-0.34
1480,-0.355
1481,-0.345
1482,-0.34
1483,-0.34
1484,-0.345
1485,-0.355
1486,-0.37
1487,-0.355
1488,-0.37
1489,-0.345
1490,-0.34
1491,-0.36
1492,-0.38
1493,-0.36
1494,-0.345
1495,-0.35
1496,-0.35
1497,-0.355
1498,-0.38
1499,-0.39
1500,-0.395
1501,-0.425
1502,-0.455
1503,-0.475
1504,-0.51
1505,-0.545
1506,-0.54
1507,-0.495
1508,-0.405
1509,-0.295
1510,-0.16
1511,0.04
1512,0.315
1513,0.595
1514,0.8
1515,0.885
1516,0.795
1517,0.52
1518,0.13
1519,-0.215
1520,-0.425
1521,-0.5
1522,-0.49
1523,-0.45
1524,-0.4
1525,-0.39
1526,-0.395
1527,-0.395
1528,-0.4
1529,-0.39
1530,-0.38
1531,-0.385
1532,-0.385
1533,-0.4
1534,-0.41
1535,-0.41
1536,-0.39
1537,-0.39
1538,-0.405
1539,-0.405
1540,-0.415
1541,-0.41
1542,-0.395
1543,-0.395
1544,-0.4
1545,-0.415
1546,-0.415
1547,-0.415
1548,-0.4
1549,-0.39
1550,-0.39
1551,-0.41
1552,-0.415
1553,-0.405
1554,-0.395
1555,-0.395
1556,-0.395
1557,-0.405
1558,-0.41
1559,-0.41
1560,-0.4
1561,-0.39
1562,-0.395
1563,-0.41
1564,-0.425
1565,-0.415
1566,-0.405
1567,-0.41
1568,-0.405
1569,-0.415
1570,-0.425
1571,-0.425
1572,-0.41
1573,-0.395
1574,-0.39
1575,-0.4
1576,-0.41
1577,-0.41
1578,-0.4
1579,-0.39
1580,-0.41
1581,-0.42
1582,-0.42
1583,-0.415
1584,-0.415
1585,-0.405
1586,-0.42
1587,-0.415
1588,-0.425
1589,-0.41
1590,-0.4
1591,-0.405
1592,-0.4
1593,-0.4
1594,-0.41
1595,-0.4
1596,-0.395
1597,-0.395
1598,-0.405
1599,-0.41
1600,-0.425
1601,-0.425
1602,-0.41
1603,-0.41
1604,-0.42
1605,-0.43
1606,-0.445
1607,-0.44
1608,-0.435
1609,-0.43
1610,-0.43
1611,-0.45
1612,-0.445
1613,-0.445
1614,-0.435
1615,-0.435
1616,-0.445
1617,-0.44
1618,-0.45
1619,-0.43
1620,-0.43
1621,-0.415
1622,-0.4
1623,-0.4
1624,-0.385
1625,-0.365
1626,-0.335
1627,-0.33
1628,-0.325
1629,-0.33
1630,-0.33
1631,-0.31
1632,-0.295
1633,-0.285
1634,-0.29
1635,-0.29
1636,-0.31
1637,-0.295
1638,-0.285
1639,-0.28
1640,-0.3
1641,-0.29
1642,-0.295
1643,-0.29
1644,-0.28
1645,-0.275
1646,-0.275
1647,-0.29
1648,-0.29
1649,-0.285
1650,-0.27
1651,-0.27
1652,-0.27
1653,-0.275
1654,-0.29
1655,-0.285
1656,-0.275
1657,-0.275
1658,-0.29
1659,-0.295
1660,-0.305
1661,-0.295
1662,-0.295
1663,-0.285
1664,-0.29
1665,-0.3
1666,-0.305
1667,-0.31
1668,-0.295
1669,-0.3
1670,-0.305
1671,-0.31
1672,-0.325
1673,-0.325
1674,-0.315
1675,-0.31
1676,-0.315
1677,-0.315
1678,-0.325
1679,-0.32
1680,-0.31
1681,-0.32
1682,-0.315
1683,-0.33
1684,-0.33
1685,-0.32
1686,-0.31
1687,-0.31
1688,-0.31
1689,-0.33
1690,-0.335
1691,-0.33
1692,-0.32
1693,-0.325
1694,-0.325
1695,-0.33
1696,-0.335
1697,-0.33
1698,-0.325
1699,-0.325
1700,-0.32
1701,-0.325
1702,-0.33
1703,-0.325
1704,-0.315
1705,-0.305
1706,-0.325
1707,-0.315
1708,-0.335
1709,-0.33
1710,-0.31
1711,-0.32
1712,-0.33
1713,-0.33
1714,-0.335
1715,-0.33
1716,-0.33
1717,-0.32
1718,-0.32
1719,-0.33
1720,-0.33
1721,-0.325
1722,-0.315
1723,-0.315
1724,-0.315
1725,-0.33
1726,-0.33
1727,-0.32
1728,-0.315
1729,-0.305
1730,-0.305
1731,-0.295
1732,-0.315
1733,-0.3
1734,-0.275
1735,-0.255
1736,-0.255
1737,-0.26
1738,-0.265
1739,-0.255
1740,-0.235
1741,-0.23
1742,-0.225
1743,-0.22
1744,-0.22
1745,-0.215
1746,-0.2
1747,-0.205
1748,-0.205
1749,-0.225
1750,-0.235
1751,-0.24
1752,-0.23
1753,-0.215
1754,-0.24
1755,-0.24
1756,-0.25
1757,-0.235
1758,-0.21
1759,-0.2
1760,-0.22
1761,-0.255
1762,-0.275
1763,-0.285
1764,-0.3
1765,-0.305
1766,-0.32
1767,-0.33
1768,-0.325
1769,-0.32
1770,-0.33
1771,-0.33
1772,-0.335
1773,-0.34
1774,-0.345
1775,-0.34
1776,-0.335
1777,-0.32
1778,-0.325
1779,-0.335
1780,-0.345
1781,-0.345
1782,-0.345
1783,-0.335
1784,-0.34
1785,-0.345
1786,-0.355
1787,-0.34
1788,-0.34
1789,-0.34
1790,-0.34
1791,-0.345
1792,-0.355
1793,-0.365
1794,-0.37
1795,-0.405
1796,-0.445
1797,-0.48
1798,-0.495
1799,-0.52
1800,-0.535
1801,-0.505
1802,-0.415
1803,-0.28
1804,-0.135
1805,0.065
1806,0.3
1807,0.58
1808,0.81
1809,0.945
1810,0.92
1811,0.775
1812,0.445
1813,0.02
1814,-0.295
1815,-0.445
1816,-0.47
1817,-0.425
1818,-0.38
1819,-0.36
1820,-0.36
1821,-0.37
1822,-0.38
1823,-0.38
1824,-0.375
1825,-0.37
1826,-0.365
1827,-0.37
1828,-0.385
1829,-0.385
1830,-0.375
1831,-0.37
1832,-0.37
1833,-0.385
1834,-0.395
1835,-0.385
1836,-0.385
1837,-0.39
1838,-0.385
1839,-0.395
1840,-0.41
1841,-0.4
1842,-0.395
1843,-0.38
1844,-0.395
1845,-0.395
1846,-0.4
1847,-0.4
1848,-0.395
1849,-0.39
1850,-0.39
1851,-0.395
1852,-0.405
1853,-0.39
1854,-0.385
1855,-0.375
1856,-0.375
1857,-0.38
1858,-0.39
1859,-0.385
1860,-0.37
1861,-0.37
1862,-0.37
1863,-0.375
1864,-0.385
1865,-0.37
1866,-0.39
1867,-0.375
1868,-0.37
1869,-0.38
1870,-0.39
1871,-0.39
1872,-0.385
1873,-0.375
1874,-0.375
1875,-0.385
1876,-0.395
1877,-0.39
1878,-0.385
1879,-0.375
1880,-0.38
1881,-0.385
1882,-0.39
1883,-0.38
1884,-0.38
1885,-0.37
1886,-0.37
1887,-0.365
1888,-0.39
1889,-0.365
1890,-0.365
1891,-0.36
1892,-0.375
1893,-0.38
1894,-0.4
1895,-0.39
1896,-0.375
1897,-0.375
1898,-0.37
1899,-0.385
1900,-0.39
1901,-0.39
1902,-0.39
1903,-0.39
1904,-0.375
1905,-0.385
1906,-0.395
1907,-0.38
1908,-0.37
1909,-0.375
1910,-0.375
1911,-0.39
1912,-0.405
1913,-0.375
1914,-0.37
1915,-0.36
1916,-0.375
1917,-0.385
1918,-0.38
1919,-0.37
1920,-0.36
1921,-0.345
1922,-0.345
1923,-0.33
1924,-0.33
1925,-0.315
1926,-0.31
1927,-0.295
1928,-0.285
1929,-0.285
1930,-0.295
1931,-0.28
1932,-0.27
1933,-0.28
1934,-0.28
1935,-0.28
1936,-0.29
1937,-0.29
1938,-0.28
1939,-0.275
1940,-0.28
1941,-0.285
1942,-0.29
1943,-0.29
1944,-0.28
1945,-0.28
1946,-0.285
1947,-0.29
1948,-0.3
1949,-0.295
1950,-0.285
1951,-0.28
1952,-0.285
1953,-0.285
1954,-0.295
1955,-0.285
1956,-0.28
1957,-0.275
1958,-0.28
1959,-0.29
1960,-0.31
1961,-0.305
1962,-0.285
1963,-0.27
1964,-0.27
1965,-0.275
1966,-0.285
1967,-0.285
1968,-0.27
1969,-0.265
1970,-0.265
1971,-0.265
1972,-0.28
1973,-0.265
1974,-0.245
1975,-0.235
1976,-0.235
1977,-0.25
1978,-0.25
1979,-0.245
1980,-0.215
1981,-0.22
1982,-0.245
1983,-0.255
1984,-0.23
1985,-0.205
1986,-0.21
1987,-0.22
1988,-0.23
1989,-0.24
1990,-0.24
1991,-0.245
1992,-0.25
1993,-0.27
1994,-0.285
1995,-0.315
1996,-0.32
1997,-0.32
1998,-0.31
1999,-0.33
2000,-0.34
2001,-0.345
2002,-0.36
2003,-0.365
2004,-0.36
2005,-0.35
2006,-0.355
2007,-0.375
2008,-0.385
2009,-0.375
2010,-0.37
2011,-0.365
2012,-0.365
2013,-0.37
2014,-0.38
2015,-0.36
2016,-0.35
2017,-0.355
2018,-0.355
2019,-0.35
2020,-0.365
2021,-0.35
2022,-0.35
2023,-0.34
2024,-0.355
2025,-0.35
2026,-0.375
2027,-0.365
2028,-0.375
2029,-0.4
2030,-0.43
2031,-0.475
2032,-0.52
2033,-0.52
2034,-0.55
2035,-0.57
2036,-0.54
2037,-0.445
2038,-0.305
2039,-0.14
2040,0.025
2041,0.26
2042,0.51
2043,0.735
2044,0.845
2045,0.875
2046,0.735
2047,0.4
2048,-0.025
2049,-0.335
2050,-0.48
2051,-0.47
2052,-0.415
2053,-0.375
2054,-0.365
2055,-0.385
2056,-0.4
2057,-0.38
2058,-0.39
2059,-0.375
2060,-0.385
2061,-0.395
2062,-0.405
2063,-0.39
2064,-0.38
2065,-0.385
2066,-0.385
2067,-0.395
2068,-0.4
2069,-0.405
2070,-0.4
2071,-0.39
2072,-0.39
2073,-0.395
2074,-0.4
2075,-0.39
2076,-0.385
2077,-0.39
2078,-0.385
2079,-0.41
2080,-0.42
2081,-0.405
2082,-0.41
2083,-0.39
2084,-0.39
2085,-0.39
2086,-0.4
2087,-0.4
2088,-0.39
2089,-0.375
2090,-0.38
2091,-0.395
2092,-0.4
2093,-0.39
2094,-0.4
2095,-0.39
2096,-0.395
2097,-0.41
2098,-0.415
2099,-0.405
2100,-0.385
2101,-0.385
2102,-0.38
2103,-0.4
2104,-0.4
2105,-0.395
2106,-0.39
2107,-0.38
2108,-0.375
2109,-0.395
2110,-0.395
2111,-0.385
2112,-0.38
2113,-0.375
2114,-0.385
2115,-0.39
2116,-0.4
2117,-0.4
2118,-0.385
2119,-0.38
2120,-0.395
2121,-0.39
2122,-0.4
2123,-0.395
2124,-0.385
2125,-0.38
2126,-0.385
2127,-0.395
2128,-0.405
2129,-0.4
2130,-0.39
2131,-0.38
2132,-0.38
2133,-0.385
2134,-0.405
2135,-0.395
2136,-0.4
2137,-0.39
2138,-0.4
2139,-0.405
2140,-0.425
2141,-0.42
2142,-0.405
2143,-0.4
2144,-0.405
2145,-0.405
2146,-0.415
2147,-0.4
2148,-0.39
2149,-0.38
2150,-0.385
2151,-0.395
2152,-0.405
2153,-0.39
2154,-0.37
2155,-0.37
2156,-0.37
2157,-0.385
2158,-0.37
2159,-0.355
2160,-0.345
2161,-0.34
2162,-0.335
2163,-0.34
2164,-0.355
2165,-0.335
2166,-0.325
2167,-0.31
2168,-0.305
2169,-0.305
2170,-0.32
2171,-0.315
2172,-0.31
2173,-0.305
2174,-0.305
2175,-0.33
2176,-0.325
2177,-0.345
2178,-0.325
2179,-0.315
2180,-0.315
2181,-0.305
2182,-0.31
2183,-0.31
2184,-0.3
2185,-0.305
2186,-0.305
2187,-0.315
2188,-0.32
2189,-0.325
2190,-0.315
2191,-0.305
2192,-0.315
2193,-0.325
2194,-0.325
2195,-0.33
2196,-0.315
2197,-0.315
2198,-0.31
2199,-0.33
2200,-0.34
2201,-0.335
2202,-0.33
2203,-0.345
2204,-0.355
2205,-0.365
2206,-0.37
2207,-0.345
2208,-0.34
2209,-0.34
2210,-0.345
2211,-0.36
2212,-0.365
2213,-0.36
2214,-0.36
2215,-0.345
2216,-0.355
2217,-0.365
2218,-0.35
2219,-0.36
2220,-0.35
2221,-0.34
2222,-0.345
2223,-0.355
2224,-0.37
2225,-0.35
2226,-0.35
2227,-0.35
2228,-0.345
2229,-0.35
2230,-0.355
2231,-0.36
2232,-0.345
2233,-0.355
2234,-0.35
2235,-0.36
2236,-0.37
2237,-0.355
2238,-0.355
2239,-0.35
2240,-0.355
2241,-0.36
2242,-0.39
2243,-0.385
2244,-0.36
2245,-0.36
2246,-0.37
2247,-0.37
2248,-0.39
2249,-0.375
2250,-0.37
2251,-0.35
2252,-0.34
2253,-0.345
2254,-0.36
2255,-0.36
2256,-0.35
2257,-0.35
2258,-0.335
2259,-0.36
2260,-0.365
2261,-0.365
2262,-0.36
2263,-0.36
2264,-0.365
2265,-0.375
2266,-0.385
2267,-0.385
2268,-0.365
2269,-0.37
2270,-0.375
2271,-0.37
2272,-0.375
2273,-0.365
2274,-0.355
2275,-0.355
2276,-0.36
2277,-0.365
2278,-0.37
2279,-0.36
2280,-0.35
2281,-0.34
2282,-0.345
2283,-0.34
2284,-0.35
2285,-0.345
2286,-0.35
2287,-0.36
2288,-0.35
2289,-0.36
2290,-0.37
2291,-0.36
2292,-0.36
2293,-0.355
2294,-0.36
2295,-0.375
2296,-0.375
2297,-0.37
2298,-0.35
2299,-0.355
2300,-0.36
2301,-0.365
2302,-0.375
2303,-0.37
2304,-0.365
2305,-0.36
2306,-0.355
2307,-0.36
2308,-0.36
2309,-0.35
2310,-0.34
2311,-0.345
2312,-0.345
2313,-0.355
2314,-0.36
2315,-0.36
2316,-0.365
2317,-0.345
2318,-0.355
2319,-0.35
2320,-0.36
2321,-0.355
2322,-0.36
2323,-0.345
2324,-0.335
2325,-0.33
2326,-0.33
2327,-0.31
2328,-0.305
2329,-0.3
2330,-0.305
2331,-0.295
2332,-0.305
2333,-0.285
2334,-0.275
2335,-0.265
2336,-0.255
2337,-0.255
2338,-0.26
2339,-0.265
2340,-0.255
2341,-0.255
2342,-0.26
2343,-0.28
2344,-0.29
2345,-0.28
2346,-0.27
2347,-0.255
2348,-0.275
2349,-0.29
2350,-0.32
2351,-0.3
2352,-0.295
2353,-0.27
2354,-0.265
2355,-0.27
2356,-0.285
2357,-0.3
2358,-0.31
2359,-0.315
2360,-0.32
2361,-0.35
2362,-0.37
2363,-0.365
2364,-0.365
2365,-0.365
2366,-0.37
2367,-0.37
2368,-0.37
2369,-0.38
2370,-0.36
2371,-0.375
2372,-0.375
2373,-0.4
2374,-0.42
2375,-0.405
2376,-0.4
2377,-0.385
2378,-0.38
2379,-0.4
2380,-0.415
2381,-0.405
2382,-0.395
2383,-0.395
2384,-0.395
2385,-0.41
2386,-0.43
2387,-0.44
2388,-0.455
2389,-0.49
2390,-0.485
2391,-0.52
2392,-0.57
2393,-0.575
2394,-0.525
2395,-0.42
2396,-0.305
2397,-0.19
2398,-0.02
2399,0.22
2400,0.485
2401,0.715
2402,0.845
2403,0.885
2404,0.79
2405,0.56
2406,0.225
2407,-0.07
2408,-0.285
2409,-0.425
2410,-0.5
2411,-0.55
2412,-0.535
2413,-0.5
2414,-0.465
2415,-0.45
2416,-0.45
2417,-0.435
2418,-0.42
2419,-0.41
2420,-0.41
2421,-0.415
2422,-0.42
2423,-0.425
2424,-0.42
2425,-0.43
2426,-0.43
2427,-0.44
2428,-0.45
2429,-0.45
2430,-0.43
2431,-0.43
2432,-0.43
2433,-0.445
2434,-0.445
2435,-0.44
2436,-0.425
2437,-0.43
2438,-0.43
2439,-0.425
2440,-0.445
2441,-0.445
2442,-0.43
2443,-0.435
2444,-0.435
2445,-0.445
2446,-0.445
2447,-0.435
2448,-0.43
2449,-0.425
2450,-0.43
2451,-0.43
2452,-0.44
2453,-0.42
2454,-0.43
2455,-0.425
2456,-0.43
2457,-0.44
2458,-0.44
2459,-0.43
2460,-0.43
2461,-0.415
2462,-0.425
2463,-0.43
2464,-0.455
2465,-0.445
2466,-0.445
2467,-0.43
2468,-0.43
2469,-0.44
2470,-0.44
2471,-0.435
2472,-0.43
2473,-0.415
2474,-0.415
2475,-0.425
2476,-0.425
2477,-0.42
2478,-0.405
2479,-0.405
2480,-0.415
2481,-0.415
2482,-0.425
2483,-0.43
2484,-0.405
2485,-0.405
2486,-0.405
2487,-0.405
2488,-0.43
2489,-0.415
2490,-0.41
2491,-0.415
2492,-0.43
2493,-0.445
2494,-0.465
2495,-0.46
2496,-0.45
2497,-0.455
2498,-0.46
2499,-0.465
2500,-0.485
2501,-0.495
2502,-0.475
2503,-0.49
2504,-0.5
2505,-0.495
2506,-0.515
2507,-0.5
2508,-0.485
2509,-0.49
2510,-0.485
2511,-0.5
2512,-0.5
2513,-0.49
2514,-0.48
2515,-0.46
2516,-0.46
2517,-0.47
2518,-0.465
2519,-0.44
2520,-0.43
2521,-0.425
2522,-0.41
2523,-0.41
2524,-0.4
2525,-0.39
2526,-0.38
2527,-0.355
2528,-0.35
2529,-0.355
2530,-0.35
2531,-0.34
2532,-0.33
2533,-0.325
2534,-0.305
2535,-0.32
2536,-0.315
2537,-0.305
2538,-0.3
2539,-0.305
2540,-0.305
2541,-0.31
2542,-0.33
2543,-0.31
2544,-0.315
2545,-0.315
2546,-0.32
2547,-0.325
2548,-0.325
2549,-0.325
2550,-0.31
2551,-0.31
2552,-0.315
2553,-0.325
2554,-0.33
2555,-0.325
2556,-0.325
2557,-0.315
2558,-0.32
2559,-0.33
2560,-0.335
2561,-0.33
2562,-0.315
2563,-0.32
2564,-0.32
2565,-0.335
2566,-0.335
2567,-0.325
2568,-0.325
2569,-0.32
2570,-0.32
2571,-0.325
2572,-0.35
2573,-0.345
2574,-0.345
2575,-0.335
2576,-0.345
2577,-0.355
2578,-0.355
2579,-0.355
2580,-0.345
2581,-0.335
2582,-0.335
2583,-0.345
2584,-0.355
2585,-0.34
2586,-0.335
2587,-0.33
2588,-0.335
2589,-0.345
2590,-0.35
2591,-0.35
2592,-0.34
2593,-0.335
2594,-0.33
2595,-0.36
2596,-0.355
2597,-0.345
2598,-0.335
2599,-0.345
2600,-0.35
2601,-0.36
2602,-0.38
2603,-0.37
2604,-0.345
2605,-0.345
2606,-0.35
2607,-0.355
2608,-0.365
2609,-0.36
2610,-0.345
2611,-0.345
2612,-0.35
2613,-0.36
2614,-0.36
2615,-0.35
2616,-0.355
2617,-0.34
2618,-0.345
2619,-0.355
2620,-0.355
2621,-0.355
2622,-0.34
2623,-0.34
2624,-0.345
2625,-0.365
2626,-0.37
2627,-0.35
2628,-0.33
2629,-0.32
2630,-0.315
2631,-0.295
2632,-0.305
2633,-0.295
2634,-0.3
2635,-0.285
2636,-0.275
2637,-0.26
2638,-0.275
2639,-0.265
2640,-0.26
2641,-0.25
2642,-0.245
2643,-0.255
2644,-0.265
2645,-0.26
2646,-0.26
2647,-0.25
2648,-0.26
2649,-0.28
2650,-0.28
2651,-0.275
2652,-0.285
2653,-0.28
2654,-0.255
2655,-0.245
2656,-0.245
2657,-0.26
2658,-0.285
2659,-0.29
2660,-0.3
2661,-0.32
2662,-0.335
2663,-0.355
2664,-0.35
2665,-0.355
2666,-0.355
2667,-0.375
2668,-0.385
2669,-0.38
2670,-0.36
2671,-0.35
2672,-0.36
2673,-0.365
2674,-0.37
2675,-0.37
2676,-0.365
2677,-0.36
2678,-0.365
2679,-0.37
2680,-0.385
2681,-0.385
2682,-0.365
2683,-0.36
2684,-0.38
2685,-0.385
2686,-0.395
2687,-0.395
2688,-0.385
2689,-0.38
2690,-0.395
2691,-0.425
2692,-0.465
2693,-0.5
2694,-0.515
2695,-0.53
2696,-0.56
2697,-0.585
2698,-0.53
2699,-0.41
2700,-0.255
2701,-0.105
2702,0.105
2703,0.355
2704,0.6
2705,0.81
2706,0.89
2707,0.83
2708,0.58
2709,0.185
2710,-0.205
2711,-0.45
2712,-0.525
2713,-0.495
2714,-0.465
2715,-0.435
2716,-0.415
2717,-0.415
2718,-0.415
2719,-0.4
2720,-0.395
2721,-0.405
2722,-0.425
2723,-0.435
2724,-0.415
2725,-0.415
2726,-0.415
2727,-0.415
2728,-0.43
2729,-0.42
2730,-0.41
2731,-0.405
2732,-0.42
2733,-0.41
2734,-0.42
2735,-0.4
2736,-0.395
2737,-0.385
2738,-0.4
2739,-0.4
2740,-0.4
2741,-0.4
2742,-0.395
2743,-0.4
2744,-0.4
2745,-0.4
2746,-0.41
2747,-0.395
2748,-0.41
2749,-0.4
2750,-0.395
2751,-0.405
2752,-0.41
2753,-0.415
2754,-0.405
2755,-0.4
2756,-0.395
2757,-0.405
2758,-0.415
2759,-0.405
2760,-0.415
2761,-0.41
2762,-0.405
2763,-0.405
2764,-0.41
2765,-0.405
2766,-0.4
2767,-0.395
2768,-0.405
2769,-0.405
2770,-0.4
2771,-0.395
2772,-0.39
2773,-0.395
2774,-0.39
2775,-0.395
2776,-0.42
2777,-0.415
2778,-0.405
2779,-0.4
2780,-0.4
2781,-0.415
2782,-0.42
2783,-0.41
2784,-0.395
2785,-0.4
2786,-0.405
2787,-0.415
2788,-0.435
2789,-0.415
2790,-0.415
2791,-0.4
2792,-0.405
2793,-0.42
2794,-0.43
2795,-0.425
2796,-0.41
2797,-0.41
2798,-0.405
2799,-0.415
2800,-0.425
2801,-0.425
2802,-0.42
2803,-0.41
2804,-0.41
2805,-0.42
2806,-0.43
2807,-0.425
2808,-0.42
2809,-0.405
2810,-0.415
2811,-0.41
2812,-0.41
2813,-0.385
2814,-0.37
2815,-0.36
2816,-0.35
2817,-0.35
2818,-0.35
2819,-0.335
2820,-0.32
2821,-0.305
2822,-0.315
2823,-0.315
2824,-0.32
2825,-0.305
2826,-0.305
2827,-0.295
2828,-0.29
2829,-0.295
2830,-0.295
2831,-0.285
2832,-0.285
2833,-0.27
2834,-0.28
2835,-0.28
2836,-0.295
2837,-0.28
2838,-0.285
2839,-0.275
2840,-0.285
2841,-0.295
2842,-0.305
2843,-0.295
2844,-0.285
2845,-0.285
2846,-0.29
2847,-0.3
2848,-0.31
2849,-0.295
2850,-0.3
2851,-0.29
2852,-0.285
2853,-0.305
2854,-0.31
2855,-0.3
2856,-0.295
2857,-0.305
2858,-0.3
2859,-0.305
2860,-0.32
2861,-0.32
2862,-0.31
2863,-0.3
2864,-0.31
2865,-0.32
2866,-0.34
2867,-0.33
2868,-0.31
2869,-0.315
2870,-0.325
2871,-0.325
2872,-0.345
2873,-0.33
2874,-0.32
2875,-0.32
2876,-0.335
2877,-0.335
2878,-0.355
2879,-0.34
2880,-0.32
2881,-0.315
2882,-0.33
2883,-0.34
2884,-0.34
2885,-0.35
2886,-0.33
2887,-0.33
2888,-0.34
2889,-0.35
2890,-0.355
2891,-0.345
2892,-0.335
2893,-0.335
2894,-0.34
2895,-0.34
2896,-0.345
2897,-0.335
2898,-0.335
2899,-0.325
2900,-0.325
2901,-0.335
2902,-0.34
2903,-0.34
2904,-0.32
2905,-0.315
2906,-0.32
2907,-0.335
2908,-0.335
2909,-0.32
2910,-0.325
2911,-0.315
2912,-0.32
2913,-0.32
2914,-0.345
2915,-0.335
2916,-0.32
2917,-0.31
2918,-0.32
2919,-0.32
2920,-0.34
2921,-0.33
2922,-0.32
2923,-0.31
2924,-0.31
2925,-0.31
2926,-0.295
2927,-0.28
2928,-0.255
2929,-0.25
2930,-0.25
2931,-0.255
2932,-0.26
2933,-0.24
2934,-0.22
2935,-0.23
2936,-0.23
2937,-0.215
2938,-0.22
2939,-0.225
2940,-0.23
2941,-0.23
2942,-0.235
2943,-0.245
2944,-0.255
2945,-0.24
2946,-0.235
2947,-0.245
2948,-0.235
2949,-0.23
2950,-0.22
2951,-0.195
2952,-0.22
2953,-0.245
2954,-0.26
2955,-0.27
2956,-0.29
2957,-0.3
2958,-0.305
2959,-0.305
2960,-0.32
2961,-0.33
2962,-0.35
2963,-0.35
2964,-0.335
2965,-0.335
2966,-0.335
2967,-0.34
2968,-0.35
2969,-0.35
2970,-0.345
2971,-0.335
2972,-0.345
2973,-0.355
2974,-0.37
2975,-0.35
2976,-0.345
2977,-0.335
2978,-0.335
2979,-0.335
2980,-0.355
2981,-0.355
2982,-0.345
2983,-0.355
2984,-0.395
2985,-0.45
2986,-0.48
2987,-0.505
2988,-0.525
2989,-0.545
2990,-0.5
2991,-0.395
2992,-0.255
2993,-0.07
2994,0.145
2995,0.425
2996,0.685
2997,0.875
2998,0.925
2999,0.795
3000,0.47
3001,0.02
3002,-0.325
3003,-0.47
3004,-0.485
3005,-0.41
3006,-0.365
3007,-0.355
3008,-0.365
3009,-0.38
3010,-0.385
3011,-0.38
3012,-0.37
3013,-0.37
3014,-0.375
3015,-0.385
3016,-0.395
3017,-0.385
3018,-0.38
3019,-0.385
3020,-0.375
3021,-0.39
3022,-0.405
3023,-0.405
3024,-0.39
3025,-0.385
3026,-0.385
3027,-0.39
3028,-0.41
3029,-0.4
3030,-0.39
3031,-0.385
3032,-0.385
3033,-0.395
3034,-0.39
3035,-0.395
3036,-0.38
3037,-0.375
3038,-0.38
3039,-0.385
3040,-0.4
3041,-0.385
3042,-0.38
3043,-0.375
3044,-0.38
3045,-0.395
3046,-0.395
3047,-0.385
3048,-0.375
3049,-0.37
3050,-0.365
3051,-0.385
3052,-0.395
3053,-0.385
3054,-0.385
3055,-0.37
3056,-0.375
3057,-0.37
3058,-0.375
3059,-0.375
3060,-0.37
3061,-0.355
3062,-0.365
3063,-0.38
3064,-0.375
3065,-0.37
3066,-0.38
3067,-0.365
3068,-0.37
3069,-0.375
3070,-0.39
3071,-0.38
3072,-0.375
3073,-0.38
3074,-0.37
3075,-0.375
3076,-0.38
3077,-0.385
3078,-0.385
3079,-0.37
3080,-0.375
3081,-0.375
3082,-0.38
3083,-0.38
3084,-0.38
3085,-0.38
3086,-0.375
3087,-0.39
3088,-0.395
3089,-0.385
3090,-0.385
3091,-0.375
3092,-0.375
3093,-0.385
3094,-0.385
3095,-0.39
3096,-0.37
3097,-0.365
3098,-0.365
3099,-0.375
3100,-0.385
3101,-0.35
3102,-0.345
3103,-0.325
3104,-0.325
3105,-0.33
3106,-0.325
3107,-0.325
3108,-0.315
3109,-0.315
3110,-0.315
3111,-0.3
3112,-0.3
3113,-0.285
3114,-0.27
3115,-0.265
3116,-0.26
3117,-0.275
3118,-0.285
3119,-0.265
3120,-0.255
3121,-0.25
3122,-0.27
3123,-0.28
3124,-0.285
3125,-0.285
3126,-0.28
3127,-0.27
3128,-0.27
3129,-0.27
3130,-0.285
3131,-0.28
3132,-0.275
3133,-0.27
3134,-0.265
3135,-0.275
3136,-0.29
3137,-0.285
3138,-0.285
3139,-0.275
3140,-0.27
3141,-0.28
3142,-0.295
3143,-0.28
3144,-0.27
3145,-0.27
3146,-0.275
3147,-0.285
3148,-0.3
3149,-0.295
3150,-0.29
3151,-0.295
3152,-0.3
3153,-0.29
3154,-0.305
3155,-0.295
3156,-0.29
3157,-0.295
3158,-0.29
3159,-0.31
3160,-0.32
3161,-0.315
3162,-0.315
3163,-0.3
3164,-0.305
3165,-0.315
3166,-0.33
3167,-0.32
3168,-0.305
3169,-0.315
3170,-0.305
3171,-0.315
3172,-0.325
3173,-0.31
3174,-0.295
3175,-0.3
3176,-0.305
3177,-0.31
3178,-0.325
3179,-0.315
3180,-0.315
3181,-0.305
3182,-0.305
3183,-0.325
3184,-0.32
3185,-0.32
3186,-0.31
3187,-0.305
3188,-0.32
3189,-0.32
3190,-0.32
3191,-0.31
3192,-0.305
3193,-0.29
3194,-0.285
3195,-0.29
3196,-0.305
3197,-0.31
3198,-0.3
3199,-0.3
3200,-0.31
3201,-0.315
3202,-0.315
3203,-0.31
3204,-0.295
3205,-0.3
3206,-0.295
3207,-0.315
3208,-0.31
3209,-0.29
3210,-0.265
3211,-0.24
3212,-0.255
3213,-0.24
3214,-0.25
3215,-0.225
3216,-0.225
3217,-0.215
3218,-0.21
3219,-0.2
3220,-0.195
3221,-0.195
3222,-0.18
3223,-0.175
3224,-0.18
3225,-0.205
3226,-0.215
3227,-0.21
3228,-0.21
3229,-0.21
3230,-0.21
3231,-0.215
3232,-0.225
3233,-0.21
3234,-0.18
3235,-0.17
3236,-0.185
3237,-0.24
3238,-0.255
3239,-0.255
3240,-0.27
3241,-0.275
3242,-0.285
3243,-0.3
3244,-0.3
3245,-0.315
3246,-0.305
3247,-0.3
3248,-0.295
3249,-0.3
3250,-0.315
3251,-0.31
3252,-0.31
3253,-0.3
3254,-0.3
3255,-0.305
3256,-0.315
3257,-0.325
3258,-0.32
3259,-0.32
3260,-0.32
3261,-0.325
3262,-0.34
3263,-0.335
3264,-0.325
3265,-0.315
3266,-0.32
3267,-0.345
3268,-0.37
3269,-0.395
3270,-0.425
3271,-0.445
3272,-0.465
3273,-0.51
3274,-0.53
3275,-0.485
3276,-0.37
3277,-0.235
3278,-0.09
3279,0.105
3280,0.375
3281,0.655
3282,0.82
3283,0.865
3284,0.735
3285,0.45
3286,0.06
3287,-0.27
3288,-0.43
3289,-0.46
3290,-0.415
3291,-0.385
3292,-0.365
3293,-0.355
3294,-0.355
3295,-0.345
3296,-0.35
3297,-0.35
3298,-0.36
3299,-0.345
3300,-0.34
3301,-0.34
3302,-0.335
3303,-0.335
3304,-0.355
3305,-0.345
3306,-0.34
3307,-0.335
3308,-0.34
3309,-0.35
3310,-0.365
3311,-0.36
3312,-0.365
3313,-0.35
3314,-0.345
3315,-0.365
3316,-0.36
3317,-0.35
3318,-0.355
3319,-0.35
3320,-0.355
3321,-0.35
3322,-0.36
3323,-0.335
3324,-0.335
3325,-0.33
3326,-0.34
3327,-0.35
3328,-0.35
3329,-0.345
3330,-0.335
3331,-0.345
3332,-0.355
3333,-0.355
3334,-0.37
3335,-0.355
3336,-0.35
3337,-0.345
3338,-0.365
3339,-0.365
3340,-0.37
3341,-0.365
3342,-0.355
3343,-0.345
3344,-0.345
3345,-0.345
3346,-0.34
3347,-0.335
3348,-0.325
3349,-0.335
3350,-0.345
3351,-0.35
3352,-0.35
3353,-0.355
3354,-0.355
3355,-0.36
3356,-0.35
3357,-0.36
3358,-0.365
3359,-0.345
3360,-0.345
3361,-0.33
3362,-0.35
3363,-0.345
3364,-0.355
3365,-0.35
3366,-0.34
3367,-0.335
3368,-0.35
3369,-0.365
3370,-0.38
3371,-0.385
3372,-0.355
3373,-0.36
3374,-0.355
3375,-0.37
3376,-0.385
3377,-0.37
3378,-0.37
3379,-0.35
3380,-0.345
3381,-0.365
3382,-0.365
3383,-0.36
3384,-0.345
3385,-0.33
3386,-0.33
3387,-0.33
3388,-0.335
3389,-0.315
3390,-0.31
3391,-0.285
3392,-0.29
3393,-0.29
3394,-0.3
3395,-0.28
3396,-0.275
3397,-0.26
3398,-0.26
3399,-0.27
3400,-0.265
3401,-0.255
3402,-0.25
3403,-0.245
3404,-0.245
3405,-0.255
3406,-0.265
3407,-0.26
3408,-0.255
3409,-0.24
3410,-0.25
3411,-0.255
3412,-0.275
3413,-0.275
3414,-0.265
3415,-0.27
3416,-0.275
3417,-0.28
3418,-0.29
3419,-0.28
3420,-0.275
3421,-0.27
3422,-0.27
3423,-0.28
3424,-0.29
3425,-0.28
3426,-0.285
3427,-0.275
3428,-0.29
3429,-0.28
3430,-0.29
3431,-0.28
3432,-0.285
3433,-0.275
3434,-0.28
3435,-0.295
3436,-0.305
3437,-0.3
3438,-0.3
3439,-0.305
3440,-0.315
3441,-0.32
3442,-0.31
3443,-0.31
3444,-0.3
3445,-0.31
3446,-0.31
3447,-0.32
3448,-0.325
3449,-0.31
3450,-0.32
3451,-0.31
3452,-0.31
3453,-0.315
3454,-0.325
3455,-0.315
3456,-0.305
3457,-0.315
3458,-0.31
3459,-0.32
3460,-0.325
3461,-0.325
3462,-0.32
3463,-0.305
3464,-0.305
3465,-0.3
3466,-0.315
3467,-0.3
3468,-0.31
3469,-0.315
3470,-0.305
3471,-0.31
3472,-0.32
3473,-0.31
3474,-0.3
3475,-0.295
3476,-0.3
3477,-0.315
3478,-0.325
3479,-0.325
3480,-0.305
3481,-0.31
3482,-0.29
3483,-0.315
3484,-0.325
3485,-0.32
3486,-0.29
3487,-0.28
3488,-0.26
3489,-0.26
3490,-0.265
3491,-0.26
3492,-0.25
3493,-0.23
3494,-0.22
3495,-0.22
3496,-0.235
3497,-0.22
3498,-0.205
3499,-0.205
3500,-0.21
3501,-0.21
3502,-0.23
3503,-0.24
3504,-0.23
3505,-0.225
3506,-0.235
3507,-0.25
3508,-0.265
3509,-0.26
3510,-0.245
3511,-0.215
3512,-0.215
3513,-0.245
3514,-0.28
3515,-0.275
3516,-0.275
3517,-0.295
3518,-0.31
3519,-0.325
3520,-0.34
3521,-0.34
3522,-0.325
3523,-0.315
3524,-0.31
3525,-0.315
3526,-0.33
3527,-0.33
3528,-0.325
3529,-0.325
3530,-0.335
3531,-0.345
3532,-0.35
3533,-0.35
3534,-0.35
3535,-0.345
3536,-0.35
3537,-0.365
3538,-0.36
3539,-0.35
3540,-0.355
3541,-0.345
3542,-0.345
3543,-0.35
3544,-0.365
3545,-0.38
3546,-0.405
3547,-0.425
3548,-0.44
3549,-0.47
3550,-0.52
3551,-0.54
3552,-0.49
3553,-0.39
3554,-0.26
3555,-0.115
3556,0.085
3557,0.36
3558,0.615
3559,0.78
3560,0.835
3561,0.72
3562,0.41
3563,0.03
3564,-0.255
3565,-0.415
3566,-0.47
3567,-0.465
3568,-0.435
3569,-0.395
3570,-0.375
3571,-0.37
3572,-0.375
3573,-0.375
3574,-0.39
3575,-0.4
3576,-0.38
3577,-0.385
3578,-0.385
3579,-0.385
3580,-0.385
3581,-0.37
3582,-0.37
3583,-0.36
3584,-0.38
3585,-0.38
3586,-0.385
3587,-0.37
3588,-0.37
3589,-0.365
3590,-0.375
3591,-0.385
3592,-0.39
3593,-0.39
3594,-0.385
3595,-0.385
3596,-0.395
3597,-0.39
3598,-0.4
3599,-0.405
3600,-0.39
3601,-0.395
3602,-0.39
3603,-0.405
3604,-0.405
3605,-0.4
3606,-0.375
3607,-0.38
3608,-0.39
3609,-0.395
3610,-0.395
3611,-0.39
3612,-0.39
3613,-0.385
3614,-0.405
3615,-0.4
3616,-0.405
3617,-0.395
3618,-0.39
3619,-0.395
3620,-0.39
3621,-0.4
3622,-0.405
3623,-0.405
3624,-0.39
3625,-0.39
3626,-0.395
3627,-0.4
3628,-0.4
3629,-0.395
3630,-0.38
3631,-0.37
3632,-0.38
3633,-0.385
3634,-0.395
3635,-0.39
3636,-0.38
3637,-0.38
3638,-0.385
3639,-0.39
3640,-0.39
3641,-0.4
3642,-0.4
3643,-0.405
3644,-0.415
3645,-0.42
3646,-0.43
3647,-0.43
3648,-0.425
3649,-0.42
3650,-0.43
3651,-0.445
3652,-0.465
3653,-0.455
3654,-0.44
3655,-0.425
3656,-0.435
3657,-0.45
3658,-0.44
3659,-0.445
3660,-0.425
3661,-0.425
3662,-0.425
3663,-0.43
3664,-0.43
3665,-0.415
3666,-0.415
3667,-0.385
3668,-0.375
3669,-0.385
3670,-0.37
3671,-0.36
3672,-0.35
3673,-0.335
3674,-0.335
3675,-0.325
3676,-0.32
3677,-0.325
3678,-0.305
3679,-0.295
3680,-0.3
3681,-0.29
3682,-0.295
3683,-0.29
3684,-0.29
3685,-0.285
3686,-0.285
3687,-0.285
3688,-0.29
3689,-0.29
3690,-0.285
3691,-0.27
3692,-0.27
3693,-0.28
3694,-0.29
3695,-0.285
3696,-0.275
3697,-0.275
3698,-0.275
3699,-0.29
3700,-0.305
3701,-0.305
3702,-0.3
3703,-0.28
3704,-0.29
3705,-0.305
3706,-0.315
3707,-0.31
3708,-0.295
3709,-0.29
3710,-0.3
3711,-0.305
3712,-0.305
3713,-0.31
3714,-0.3
3715,-0.295
3716,-0.305
3717,-0.305
3718,-0.315
3719,-0.31
3720,-0.31
3721,-0.295
3722,-0.3
3723,-0.305
3724,-0.31
3725,-0.305
3726,-0.305
3727,-0.295
3728,-0.3
3729,-0.315
3730,-0.325
3731,-0.32
3732,-0.32
3733,-0.315
3734,-0.31
3735,-0.325
3736,-0.335
3737,-0.33
3738,-0.32
3739,-0.32
3740,-0.31
3741,-0.33
3742,-0.33
3743,-0.325
3744,-0.31
3745,-0.305
3746,-0.305
3747,-0.32
3748,-0.33
3749,-0.325
3750,-0.3
3751,-0.31
3752,-0.305
3753,-0.315
3754,-0.33
3755,-0.33
3756,-0.33
3757,-0.32
3758,-0.325
3759,-0.325
3760,-0.335
3761,-0.325
3762,-0.315
3763,-0.31
3764,-0.315
3765,-0.32
3766,-0.325
3767,-0.315
3768,-0.31
3769,-0.305
3770,-0.31
3771,-0.315
3772,-0.32
3773,-0.315
3774,-0.31
3775,-0.295
3776,-0.295
3777,-0.305
3778,-0.31
3779,-0.3
3780,-0.28
3781,-0.275
3782,-0.265
3783,-0.275
3784,-0.275
3785,-0.26
3786,-0.24
3787,-0.24
3788,-0.235
3789,-0.24
3790,-0.235
3791,-0.225
3792,-0.215
3793,-0.205
3794,-0.205
3795,-0.21
3796,-0.215
3797,-0.22
3798,-0.22
3799,-0.215
3800,-0.22
3801,-0.22
3802,-0.23
3803,-0.23
3804,-0.24
3805,-0.21
3806,-0.22
3807,-0.23
3808,-0.255
3809,-0.235
3810,-0.21
3811,-0.19
3812,-0.205
3813,-0.225
3814,-0.26
3815,-0.275
3816,-0.28
3817,-0.285
3818,-0.305
3819,-0.32
3820,-0.315
3821,-0.335
3822,-0.325
3823,-0.335
3824,-0.32
3825,-0.325
3826,-0.32
3827,-0.325
3828,-0.325
3829,-0.31
3830,-0.305
3831,-0.32
3832,-0.32
3833,-0.33
3834,-0.32
3835,-0.32
3836,-0.33
3837,-0.33
3838,-0.36
3839,-0.355
3840,-0.33
3841,-0.325
3842,-0.325
3843,-0.335
3844,-0.35
3845,-0.34
3846,-0.345
3847,-0.355
3848,-0.385
3849,-0.425
3850,-0.45
3851,-0.47
3852,-0.485
3853,-0.51
3854,-0.515
3855,-0.455
3856,-0.325
3857,-0.165
3858,0.01
3859,0.25
3860,0.515
3861,0.74
3862,0.885
3863,0.935
3864,0.835
3865,0.525
3866,0.12
3867,-0.23
3868,-0.425
3869,-0.455
3870,-0.42
3871,-0.38
3872,-0.36
3873,-0.365
3874,-0.375
3875,-0.38
3876,-0.355
3877,-0.355
3878,-0.37
3879,-0.375
3880,-0.385
3881,-0.38
3882,-0.365
3883,-0.37
3884,-0.37
3885,-0.365
3886,-0.38
3887,-0.37
3888,-0.375
3889,-0.365
3890,-0.37
3891,-0.38
3892,-0.375
3893,-0.365
3894,-0.36
3895,-0.36
3896,-0.355
3897,-0.355
3898,-0.37
3899,-0.365
3900,-0.355
3901,-0.35
3902,-0.35
3903,-0.35
3904,-0.36
3905,-0.36
3906,-0.36
3907,-0.35
3908,-0.355
3909,-0.365
3910,-0.37
3911,-0.36
3912,-0.35
3913,-0.355
3914,-0.35
3915,-0.355
3916,-0.37
3917,-0.375
3918,-0.36
3919,-0.35
3920,-0.345
3921,-0.35
3922,-0.37
3923,-0.37
3924,-0.355
3925,-0.35
3926,-0.345
3927,-0.36
3928,-0.37
3929,-0.365
3930,-0.36
3931,-0.35
3932,-0.355
3933,-0.365
3934,-0.365
3935,-0.37
3936,-0.365
3937,-0.35
3938,-0.35
3939,-0.36
3940,-0.36
3941,-0.355
3942,-0.345
3943,-0.35
3944,-0.345
3945,-0.355
3946,-0.37
3947,-0.365
3948,-0.355
3949,-0.36
3950,-0.365
3951,-0.365
3952,-0.38
3953,-0.385
3954,-0.375
3955,-0.37
3956,-0.375
3957,-0.385
3958,-0.395
3959,-0.375
3960,-0.385
3961,-0.38
3962,-0.37
3963,-0.385
3964,-0.385
3965,-0.38
3966,-0.37
3967,-0.36
3968,-0.35
3969,-0.335
3970,-0.33
3971,-0.315
3972,-0.295
3973,-0.29
3974,-0.29
3975,-0.285
3976,-0.29
3977,-0.28
3978,-0.28
3979,-0.26
3980,-0.255
3981,-0.27
3982,-0.275
3983,-0.26
3984,-0.25
3985,-0.245
3986,-0.25
3987,-0.26
3988,-0.265
3989,-0.245
3990,-0.235
3991,-0.245
3992,-0.24
3993,-0.25
3994,-0.265
3995,-0.25
3996,-0.25
3997,-0.25
3998,-0.25
3999,-0.255
4000,-0.265
4001,-0.26
4002,-0.24
4003,-0.25
4004,-0.245
4005,-0.25
4006,-0.27
4007,-0.265
4008,-0.27
4009,-0.265
4010,-0.265
4011,-0.275
4012,-0.285
4013,-0.275
4014,-0.265
4015,-0.27
4016,-0.27
4017,-0.28
4018,-0.285
4019,-0.285
4020,-0.28
4021,-0.285
4022,-0.28
4023,-0.285
4024,-0.3
4025,-0.29
4026,-0.285
4027,-0.27
4028,-0.28
4029,-0.295
4030,-0.29
4031,-0.29
4032,-0.295
4033,-0.29
4034,-0.285
4035,-0.305
4036,-0.315
4037,-0.31
4038,-0.31
4039,-0.29
4040,-0.295
4041,-0.31
4042,-0.32
4043,-0.315
4044,-0.31
4045,-0.3
4046,-0.3
4047,-0.315
4048,-0.32
4049,-0.315
4050,-0.32
4051,-0.29
4052,-0.3
4053,-0.3
4054,-0.315
4055,-0.31
4056,-0.3
4057,-0.3
4058,-0.29
4059,-0.31
4060,-0.325
4061,-0.315
4062,-0.305
4063,-0.305
4064,-0.305
4065,-0.315
4066,-0.325
4067,-0.32
4068,-0.31
4069,-0.3
4070,-0.295
4071,-0.315
4072,-0.32
4073,-0.305
4074,-0.3
4075,-0.29
4076,-0.295
4077,-0.295
4078,-0.31
4079,-0.295
4080,-0.295
4081,-0.285
4082,-0.295
4083,-0.295
4084,-0.31
4085,-0.3
4086,-0.285
4087,-0.28
4088,-0.275
4089,-0.28
4090,-0.265
4091,-0.245
4092,-0.23
4093,-0.24
4094,-0.24
4095,-0.24
4096,-0.245
4097,-0.22
4098,-0.22
4099,-0.215
4100,-0.2
4101,-0.2
4102,-0.21
4103,-0.205
4104,-0.195
4105,-0.205
4106,-0.21
4107,-0.215
4108,-0.225
4109,-0.225
4110,-0.2
4111,-0.2
4112,-0.21
4113,-0.225
4114,-0.22
4115,-0.195
4116,-0.18
4117,-0.175
4118,-0.205
4119,-0.245
4120,-0.265
4121,-0.275
4122,-0.28
4123,-0.285
4124,-0.3
4125,-0.31
4126,-0.325
4127,-0.32
4128,-0.325
4129,-0.31
4130,-0.325
4131,-0.33
4132,-0.34
4133,-0.335
4134,-0.33
4135,-0.325
4136,-0.32
4137,-0.34
4138,-0.345
4139,-0.34
4140,-0.33
4141,-0.335
4142,-0.33
4143,-0.34
4144,-0.34
4145,-0.335
4146,-0.335
4147,-0.33
4148,-0.335
4149,-0.345
4150,-0.375
4151,-0.395
4152,-0.43
4153,-0.44
4154,-0.45
4155,-0.45
4156,-0.475
4157,-0.48
4158,-0.51
4159,-0.55
4160,-0.575
4161,-0.545
4162,-0.49
4163,-0.375
4164,-0.25
4165,-0.12
4166,0.06
4167,0.285
4168,0.525
4169,0.74
4170,0.86
4171,0.89
4172,0.73
4173,0.425
4174,0.015
4175,-0.285
4176,-0.435
4177,-0.45
4178,-0.435
4179,-0.385
4180,-0.38
4181,-0.37
4182,-0.37
4183,-0.37
4184,-0.36
4185,-0.36
4186,-0.37
4187,-0.385
4188,-0.365
4189,-0.36
4190,-0.365
4191,-0.365
4192,-0.375
4193,-0.385
4194,-0.36
4195,-0.365
4196,-0.355
4197,-0.375
4198,-0.38
4199,-0.375
4200,-0.355
4201,-0.355
4202,-0.36
4203,-0.365
4204,-0.38
4205,-0.37
4206,-0.355
4207,-0.35
4208,-0.355
4209,-0.365
4210,-0.38
4211,-0.365
4212,-0.355
4213,-0.355
4214,-0.365
4215,-0.385
4216,-0.39
4217,-0.375
4218,-0.355
4219,-0.365
4220,-0.36
4221,-0.355
4222,-0.365
4223,-0.365
4224,-0.355
4225,-0.345
4226,-0.345
4227,-0.365
4228,-0.36
4229,-0.375
4230,-0.355
4231,-0.36
4232,-0.365
4233,-0.365
4234,-0.37
4235,-0.36
4236,-0.355
4237,-0.36
4238,-0.365
4239,-0.385
4240,-0.38
4241,-0.365
4242,-0.355
4243,-0.335
4244,-0.36
4245,-0.36
4246,-0.385
4247,-0.38
4248,-0.375
4249,-0.36
4250,-0.36
4251,-0.365
4252,-0.375
4253,-0.365
4254,-0.355
4255,-0.36
4256,-0.35
4257,-0.36
4258,-0.37
4259,-0.37
4260,-0.365
4261,-0.37
4262,-0.38
4263,-0.39
4264,-0.385
4265,-0.38
4266,-0.37
4267,-0.37
4268,-0.365
4269,-0.365
4270,-0.39
4271,-0.375
4272,-0.37
4273,-0.355
4274,-0.365
4275,-0.36
4276,-0.37
4277,-0.35
4278,-0.34
4279,-0.325
4280,-0.32
4281,-0.315
4282,-0.325
4283,-0.31
4284,-0.295
4285,-0.285
4286,-0.29
4287,-0.29
4288,-0.275
4289,-0.27
4290,-0.265
4291,-0.26
4292,-0.26
4293,-0.275
4294,-0.275
4295,-0.285
4296,-0.26
4297,-0.26
4298,-0.265
4299,-0.27
4300,-0.28
4301,-0.275
4302,-0.255
4303,-0.255
4304,-0.245
4305,-0.255
4306,-0.26
4307,-0.255
4308,-0.255
4309,-0.26
4310,-0.265
4311,-0.28
4312,-0.295
4313,-0.29
4314,-0.275
4315,-0.28
4316,-0.28
4317,-0.28
4318,-0.285
4319,-0.285
4320,-0.28
4321,-0.27
4322,-0.285
4323,-0.3
4324,-0.31
4325,-0.3
4326,-0.29
4327,-0.28
4328,-0.3
4329,-0.29
4330,-0.31
4331,-0.3
4332,-0.295
4333,-0.29
4334,-0.285
4335,-0.295
4336,-0.325
4337,-0.315
4338,-0.31
4339,-0.305
4340,-0.3
4341,-0.315
4342,-0.33
4343,-0.32
4344,-0.32
4345,-0.315
4346,-0.32
4347,-0.325
4348,-0.335
4349,-0.33
4350,-0.325
4351,-0.31
4352,-0.315
4353,-0.315
4354,-0.335
4355,-0.32
4356,-0.31
4357,-0.315
4358,-0.31
4359,-0.32
4360,-0.335
4361,-0.325
4362,-0.325
4363,-0.315
4364,-0.31
4365,-0.32
4366,-0.33
4367,-0.32
4368,-0.32
4369,-0.31
4370,-0.33
4371,-0.33
4372,-0.345
4373,-0.34
4374,-0.33
4375,-0.32
4376,-0.315
4377,-0.335
4378,-0.335
4379,-0.33
4380,-0.31
4381,-0.31
4382,-0.315
4383,-0.33
4384,-0.32
4385,-0.315
4386,-0.3
4387,-0.285
4388,-0.28
4389,-0.265
4390,-0.26
4391,-0.265
4392,-0.26
4393,-0.255
4394,-0.26
4395,-0.25
4396,-0.255
4397,-0.24
4398,-0.23
4399,-0.205
4400,-0.21
4401,-0.225
4402,-0.235
4403,-0.225
4404,-0.225
4405,-0.23
4406,-0.225
4407,-0.24
4408,-0.24
4409,-0.23
4410,-0.235
4411,-0.25
4412,-0.25
4413,-0.255
4414,-0.235
4415,-0.22
4416,-0.205
4417,-0.215
4418,-0.24
4419,-0.265
4420,-0.28
4421,-0.28
4422,-0.27
4423,-0.27
4424,-0.29
4425,-0.32
4426,-0.335
4427,-0.34
4428,-0.33
4429,-0.33
4430,-0.335
4431,-0.35
4432,-0.36
4433,-0.35
4434,-0.35
4435,-0.345
4436,-0.35
4437,-0.355
4438,-0.365
4439,-0.36
4440,-0.355
4441,-0.35
4442,-0.34
4443,-0.36
4444,-0.37
4445,-0.37
4446,-0.355
4447,-0.345
4448,-0.35
4449,-0.37
4450,-0.385
4451,-0.41
4452,-0.44
4453,-0.46
4454,-0.49
4455,-0.54
4456,-0.565
4457,-0.55
4458,-0.485
4459,-0.365
4460,-0.255
4461,-0.125
4462,0.09
4463,0.36
4464,0.6
4465,0.75
4466,0.795
4467,0.7
4468,0.44
4469,0.095
4470,-0.185
4471,-0.37
4472,-0.47
4473,-0.49
4474,-0.47
4475,-0.44
4476,-0.425
4477,-0.41
4478,-0.41
4479,-0.41
4480,-0.42
4481,-0.4
4482,-0.395
4483,-0.405
4484,-0.41
4485,-0.405
4486,-0.42
4487,-0.395
4488,-0.395
4489,-0.39
4490,-0.395
4491,-0.395
4492,-0.41
4493,-0.4
4494,-0.4
4495,-0.41
4496,-0.4
4497,-0.405
4498,-0.41
4499,-0.41
4500,-0.4
4501,-0.39
4502,-0.39
4503,-0.4
4504,-0.4
4505,-0.395
4506,-0.39
4507,-0.385
4508,-0.39
4509,-0.41
4510,-0.41
4511,-0.41
4512,-0.415
4513,-0.41
4514,-0.405
4515,-0.42
4516,-0.42
4517,-0.42
4518,-0.415
4519,-0.41
4520,-0.415
4521,-0.425
4522,-0.425
4523,-0.42
4524,-0.425
4525,-0.42
4526,-0.41
4527,-0.41
4528,-0.415
4529,-0.41
4530,-0.41
4531,-0.4
4532,-0.405
4533,-0.405
4534,-0.425
4535,-0.42
4536,-0.41
4537,-0.4
4538,-0.405
4539,-0.415
4540,-0.42
4541,-0.41
4542,-0.41
4543,-0.4
4544,-0.41
4545,-0.415
4546,-0.42
4547,-0.41
4548,-0.4
4549,-0.39
4550,-0.4
4551,-0.415
4552,-0.42
4553,-0.415
4554,-0.415
4555,-0.4
4556,-0.415
4557,-0.43
4558,-0.45
4559,-0.44
4560,-0.44
4561,-0.435
4562,-0.435
4563,-0.44
4564,-0.45
4565,-0.435
4566,-0.44
4567,-0.43
4568,-0.44
4569,-0.445
4570,-0.445
4571,-0.44
4572,-0.435
4573,-0.42
4574,-0.415
4575,-0.41
4576,-0.405
4577,-0.38
4578,-0.375
4579,-0.37
4580,-0.37
4581,-0.37
4582,-0.36
4583,-0.355
4584,-0.325
4585,-0.305
4586,-0.31
4587,-0.32
4588,-0.325
4589,-0.325
4590,-0.315
4591,-0.3
4592,-0.305
4593,-0.32
4594,-0.33
4595,-0.33
4596,-0.31
4597,-0.31
4598,-0.31
4599,-0.305
4600,-0.31
4601,-0.32
4602,-0.305
4603,-0.3
4604,-0.3
4605,-0.305
4606,-0.32
4607,-0.32
4608,-0.315
4609,-0.315
4610,-0.31
4611,-0.33
4612,-0.335
4613,-0.335
4614,-0.32
4615,-0.315
4616,-0.315
4617,-0.325
4618,-0.33
4619,-0.335
4620,-0.32
4621,-0.3
4622,-0.3
4623,-0.32
4624,-0.32
4625,-0.33
4626,-0.32
4627,-0.32
4628,-0.325
4629,-0.34
4630,-0.355
4631,-0.345
4632,-0.35
4633,-0.345
4634,-0.345
4635,-0.36
4636,-0.36
4637,-0.345
4638,-0.34
4639,-0.34
4640,-0.355
4641,-0.35
4642,-0.35
4643,-0.355
4644,-0.34
4645,-0.335
4646,-0.34
4647,-0.35
4648,-0.355
4649,-0.355
4650,-0.355
4651,-0.345
4652,-0.345
4653,-0.35
4654,-0.36
4655,-0.365
4656,-0.365
4657,-0.35
4658,-0.35
4659,-0.36
4660,-0.37
4661,-0.36
4662,-0.35
4663,-0.335
4664,-0.35
4665,-0.35
4666,-0.345
4667,-0.34
4668,-0.34
4669,-0.34
4670,-0.34
4671,-0.345
4672,-0.35
4673,-0.36
4674,-0.35
4675,-0.335
4676,-0.345
4677,-0.35
4678,-0.35
4679,-0.355
4680,-0.34
4681,-0.335
4682,-0.33
4683,-0.34
4684,-0.355
4685,-0.355
4686,-0.33
4687,-0.315
4688,-0.315
4689,-0.315
4690,-0.32
4691,-0.3
4692,-0.3
4693,-0.28
4694,-0.265
4695,-0.28
4696,-0.285
4697,-0.265
4698,-0.235
4699,-0.23
4700,-0.23
4701,-0.245
4702,-0.255
4703,-0.25
4704,-0.245
4705,-0.25
4706,-0.255
4707,-0.265
4708,-0.27
4709,-0.29
4710,-0.28
4711,-0.275
4712,-0.26
4713,-0.255
4714,-0.26
4715,-0.275
4716,-0.295
4717,-0.3
4718,-0.305
4719,-0.335
4720,-0.355
4721,-0.35
4722,-0.35
4723,-0.35
4724,-0.355
4725,-0.37
4726,-0.37
4727,-0.36
4728,-0.365
4729,-0.355
4730,-0.365
4731,-0.375
4732,-0.385
4733,-0.38
4734,-0.375
4735,-0.355
4736,-0.37
4737,-0.385
4738,-0.39
4739,-0.39
4740,-0.37
4741,-0.36
4742,-0.37
4743,-0.38
4744,-0.385
4745,-0.38
4746,-0.375
4747,-0.37
4748,-0.38
4749,-0.405
4750,-0.445
4751,-0.465
4752,-0.48
4753,-0.485
4754,-0.525
4755,-0.555
4756,-0.535
4757,-0.45
4758,-0.325
4759,-0.185
4760,-0.025
4761,0.185
4762,0.43
4763,0.66
4764,0.815
4765,0.85
4766,0.75
4767,0.485
4768,0.11
4769,-0.21
4770,-0.39
4771,-0.46
4772,-0.485
4773,-0.47
4774,-0.45
4775,-0.425
4776,-0.415
4777,-0.405
4778,-0.415
4779,-0.415
4780,-0.42
4781,-0.4
4782,-0.395
4783,-0.385
4784,-0.395
4785,-0.4
4786,-0.42
4787,-0.41
4788,-0.4
4789,-0.4
4790,-0.405
4791,-0.405
4792,-0.435
4793,-0.42
4794,-0.41
4795,-0.405
4796,-0.415
4797,-0.43
4798,-0.44
4799,-0.435
4800,-0.415
4801,-0.42
4802,-0.43
4803,-0.415
4804,-0.43
4805,-0.425
4806,-0.42
4807,-0.42
4808,-0.415
4809,-0.425
4810,-0.425
4811,-0.42
4812,-0.41
4813,-0.41
4814,-0.41
4815,-0.42
4816,-0.43
4817,-0.42
4818,-0.415
4819,-0.395
4820,-0.405
4821,-0.415
4822,-0.43
4823,-0.42
4824,-0.42
4825,-0.415
4826,-0.42
4827,-0.425
4828,-0.44
4829,-0.43
4830,-0.425
4831,-0.415
4832,-0.42
4833,-0.425
4834,-0.44
4835,-0.43
4836,-0.43
4837,-0.425
4838,-0.42
4839,-0.415
4840,-0.425
4841,-0.43
4842,-0.425
4843,-0.415
4844,-0.405
4845,-0.405
4846,-0.425
4847,-0.415
4848,-0.42
4849,-0.42
4850,-0.42
4851,-0.435
4852,-0.435
4853,-0.44
4854,-0.42
4855,-0.43
4856,-0.45
4857,-0.455
4858,-0.465
4859,-0.465
4860,-0.465
4861,-0.465
4862,-0.465
4863,-0.47
4864,-0.49
4865,-0.485
4866,-0.46
4867,-0.455
4868,-0.46
4869,-0.455
4870,-0.455
4871,-0.44
4872,-0.425
4873,-0.415
4874,-0.4
4875,-0.405
4876,-0.4
4877,-0.385
4878,-0.365
4879,-0.365
4880,-0.36
4881,-0.37
4882,-0.375
4883,-0.355
4884,-0.34
4885,-0.33
4886,-0.33
4887,-0.33
4888,-0.34
4889,-0.335
4890,-0.32
4891,-0.305
4892,-0.315
4893,-0.32
4894,-0.32
4895,-0.32
4896,-0.315
4897,-0.31
4898,-0.31
4899,-0.315
4900,-0.33
4901,-0.32
4902,-0.32
4903,-0.31
4904,-0.32
4905,-0.33
4906,-0.34
4907,-0.33
4908,-0.325
4909,-0.325
4910,-0.32
4911,-0.34
4912,-0.35
4913,-0.34
4914,-0.32
4915,-0.315
4916,-0.325
4917,-0.34
4918,-0.345
4919,-0.345
4920,-0.34
4921,-0.33
4922,-0.335
4923,-0.345
4924,-0.36
4925,-0.355
4926,-0.34
4927,-0.33
4928,-0.335
4929,-0.345
4930,-0.365
4931,-0.37
4932,-0.35
4933,-0.34
4934,-0.335
4935,-0.36
4936,-0.355
4937,-0.34
4938,-0.335
4939,-0.335
4940,-0.32
4941,-0.335
4942,-0.355
4943,-0.35
4944,-0.345
4945,-0.34
4946,-0.335
4947,-0.35
4948,-0.37
4949,-0.36
4950,-0.355
4951,-0.35
4952,-0.345
4953,-0.365
4954,-0.36
4955,-0.36
4956,-0.35
4957,-0.345
4958,-0.355
4959,-0.355
4960,-0.365
4961,-0.36
4962,-0.345
4963,-0.345
4964,-0.35
4965,-0.355
4966,-0.36
4967,-0.355
4968,-0.35
4969,-0.335
4970,-0.335
4971,-0.355
4972,-0.345
4973,-0.34
4974,-0.33
4975,-0.34
4976,-0.345
4977,-0.35
4978,-0.355
4979,-0.35
4980,-0.335
4981,-0.33
4982,-0.33
4983,-0.33
4984,-0.33
4985,-0.305
4986,-0.285
4987,-0.275
4988,-0.28
4989,-0.285
4990,-0.29
4991,-0.275
4992,-0.26
4993,-0.245
4994,-0.24
4995,-0.24
4996,-0.24
4997,-0.235
4998,-0.225
4999,-0.22
5000,-0.23
5001,-0.24
5002,-0.255
5003,-0.255
5004,-0.24
5005,-0.24
5006,-0.25
5007,-0.27
5008,-0.27
5009,-0.24
5010,-0.23
5011,-0.225
5012,-0.265
5013,-0.295
5014,-0.305
5015,-0.325
5016,-0.315
5017,-0.325
5018,-0.33
5019,-0.345
5020,-0.36
5021,-0.365
5022,-0.355
5023,-0.345
5024,-0.34
5025,-0.335
5026,-0.36
5027,-0.355
5028,-0.345
5029,-0.335
5030,-0.355
5031,-0.35
5032,-0.375
5033,-0.375
5034,-0.365
5035,-0.365
5036,-0.35
5037,-0.37
5038,-0.38
5039,-0.365
5040,-0.37
5041,-0.355
5042,-0.37
5043,-0.38
5044,-0.385
5045,-0.385
5046,-0.4
5047,-0.43
5048,-0.465
5049,-0.485
5050,-0.52
5051,-0.555
5052,-0.525
5053,-0.435
5054,-0.305
5055,-0.155
5056,0.01
5057,0.26
5058,0.535
5059,0.76
5060,0.89
5061,0.905
5062,0.705
5063,0.36
5064,-0.03
5065,-0.32
5066,-0.455
5067,-0.475
5068,-0.44
5069,-0.395
5070,-0.38
5071,-0.38
5072,-0.385
5073,-0.395
5074,-0.4
5075,-0.405
5076,-0.395
5077,-0.41
5078,-0.39
5079,-0.395
5080,-0.405
5081,-0.405
5082,-0.395
5083,-0.385
5084,-0.385
5085,-0.405
5086,-0.405
5087,-0.4
5088,-0.385
5089,-0.38
5090,-0.385
5091,-0.405
5092,-0.41
5093,-0.4
5094,-0.395
5095,-0.385
5096,-0.395
5097,-0.41
5098,-0.405
5099,-0.405
5100,-0.395
5101,-0.39
5102,-0.395
5103,-0.395
5104,-0.405
5105,-0.41
5106,-0.4
5107,-0.385
5108,-0.395
5109,-0.4
5110,-0.395
5111,-0.385
5112,-0.385
5113,-0.375
5114,-0.375
5115,-0.38
5116,-0.395
5117,-0.385
5118,-0.39
5119,-0.385
5120,-0.38
5121,-0.39
5122,-0.4
5123,-0.4
5124,-0.39
5125,-0.365
5126,-0.375
5127,-0.385
5128,-0.4
5129,-0.4
5130,-0.39
5131,-0.38
5132,-0.375
5133,-0.385
5134,-0.395
5135,-0.38
5136,-0.37
5137,-0.365
5138,-0.365
5139,-0.375
5140,-0.385
5141,-0.375
5142,-0.375
5143,-0.365
5144,-0.37
5145,-0.375
5146,-0.4
5147,-0.395
5148,-0.405
5149,-0.37
5150,-0.385
5151,-0.4
5152,-0.41
5153,-0.4
5154,-0.395
5155,-0.375
5156,-0.38
5157,-0.385
5158,-0.405
5159,-0.385
5160,-0.375
5161,-0.37
5162,-0.365
5163,-0.365
5164,-0.35
5165,-0.355
5166,-0.32
5167,-0.31
5168,-0.31
5169,-0.305
5170,-0.31
5171,-0.29
5172,-0.28
5173,-0.28
5174,-0.27
5175,-0.28
5176,-0.285
5177,-0.28
5178,-0.285
5179,-0.265
5180,-0.27
5181,-0.275
5182,-0.29
5183,-0.29
5184,-0.275
5185,-0.275
5186,-0.27
5187,-0.275
5188,-0.29
5189,-0.285
5190,-0.285
5191,-0.26
5192,-0.26
5193,-0.275
5194,-0.285
5195,-0.275
5196,-0.265
5197,-0.27
5198,-0.28
5199,-0.29
5200,-0.295
5201,-0.3
5202,-0.28
5203,-0.28
5204,-0.275
5205,-0.29
5206,-0.3
5207,-0.305
5208,-0.285
5209,-0.285
5210,-0.285
5211,-0.295
5212,-0.3
5213,-0.3
5214,-0.295
5215,-0.28
5216,-0.295
5217,-0.29
5218,-0.305
5219,-0.305
5220,-0.3
5221,-0.285
5222,-0.285
5223,-0.31
5224,-0.315
5225,-0.305
5226,-0.305
5227,-0.295
5228,-0.3
5229,-0.32
5230,-0.335
5231,-0.32
5232,-0.32
5233,-0.31
5234,-0.315
5235,-0.31
5236,-0.33
5237,-0.32
5238,-0.31
5239,-0.305
5240,-0.305
5241,-0.315
5242,-0.315
5243,-0.315
5244,-0.305
5245,-0.305
5246,-0.3
5247,-0.31
5248,-0.31
5249,-0.31
5250,-0.31
5251,-0.295
5252,-0.3
5253,-0.325
5254,-0.325
5255,-0.33
5256,-0.32
5257,-0.31
5258,-0.305
5259,-0.315
5260,-0.33
5261,-0.32
5262,-0.31
5263,-0.305
5264,-0.3
5265,-0.295
5266,-0.32
5267,-0.31
5268,-0.3
5269,-0.275
5270,-0.27
5271,-0.26
5272,-0.25
5273,-0.235
5274,-0.23
5275,-0.225
5276,-0.23
5277,-0.23
5278,-0.24
5279,-0.23
5280,-0.225
5281,-0.205
5282,-0.205
5283,-0.2
5284,-0.21
5285,-0.195
5286,-0.2
5287,-0.19
5288,-0.2
5289,-0.21
5290,-0.225
5291,-0.225
5292,-0.22
5293,-0.22
5294,-0.22
5295,-0.23
5296,-0.25
5297,-0.245
5298,-0.23
5299,-0.205
5300,-0.185
5301,-0.195
5302,-0.225
5303,-0.25
5304,-0.255
5305,-0.265
5306,-0.275
5307,-0.305
5308,-0.32
5309,-0.325
5310,-0.325
5311,-0.33
5312,-0.33
5313,-0.325
5314,-0.335
5315,-0.34
5316,-0.335
5317,-0.32
5318,-0.335
5319,-0.345
5320,-0.355
5321,-0.35
5322,-0.355
5323,-0.35
5324,-0.345
5325,-0.34
5326,-0.355
5327,-0.35
5328,-0.34
5329,-0.34
5330,-0.34
5331,-0.355
5332,-0.4
5333,-0.435
5334,-0.455
5335,-0.47
5336,-0.5
5337,-0.54
5338,-0.545
5339,-0.465
5340,-0.355
5341,-0.21
5342,-0.035
5343,0.185
5344,0.435
5345,0.675
5346,0.82
5347,0.825
5348,0.64
5349,0.32
5350,-0.07
5351,-0.34
5352,-0.445
5353,-0.445
5354,-0.41
5355,-0.38
5356,-0.375
5357,-0.375
5358,-0.37
5359,-0.365
5360,-0.36
5361,-0.37
5362,-0.375
5363,-0.37
5364,-0.36
5365,-0.35
5366,-0.355
5367,-0.365
5368,-0.38
5369,-0.38
5370,-0.37
5371,-0.365
5372,-0.365
5373,-0.38
5374,-0.385
5375,-0.39
5376,-0.38
5377,-0.375
5378,-0.375
5379,-0.38
5380,-0.39
5381,-0.38
5382,-0.375
5383,-0.37
5384,-0.365
5385,-0.375
5386,-0.385
5387,-0.365
5388,-0.36
5389,-0.35
5390,-0.355
5391,-0.355
5392,-0.37
5393,-0.365
5394,-0.35
5395,-0.36
5396,-0.365
5397,-0.365
5398,-0.375
5399,-0.375
5400,-0.355
5401,-0.355
5402,-0.37
5403,-0.375
5404,-0.38
5405,-0.385
5406,-0.37
5407,-0.37
5408,-0.36
5409,-0.37
5410,-0.375
5411,-0.365
5412,-0.355
5413,-0.345
5414,-0.36
5415,-0.355
5416,-0.365
5417,-0.36
5418,-0.345
5419,-0.335
5420,-0.335
5421,-0.355
5422,-0.355
5423,-0.35
5424,-0.34
5425,-0.35
5426,-0.35
5427,-0.355
5428,-0.365
5429,-0.36
5430,-0.365
5431,-0.365
5432,-0.365
5433,-0.37
5434,-0.375
5435,-0.38
5436,-0.365
5437,-0.35
5438,-0.36
5439,-0.365
5440,-0.38
5441,-0.375
5442,-0.37
5443,-0.36
5444,-0.365
5445,-0.375
5446,-0.38
5447,-0.375
5448,-0.36
5449,-0.355
5450,-0.355
5451,-0.355
5452,-0.35
5453,-0.35
5454,-0.34
5455,-0.33
5456,-0.325
5457,-0.335
5458,-0.335
5459,-0.33
5460,-0.31
5461,-0.3
5462,-0.295
5463,-0.305
5464,-0.31
5465,-0.285
5466,-0.285
5467,-0.265
5468,-0.27
5469,-0.285
5470,-0.29
5471,-0.275
5472,-0.27
5473,-0.255
5474,-0.265
5475,-0.265
5476,-0.275
5477,-0.27
5478,-0.26
5479,-0.25
5480,-0.26
5481,-0.27
5482,-0.28
5483,-0.29
5484,-0.29
5485,-0.28
5486,-0.28
5487,-0.29
5488,-0.305
5489,-0.3
5490,-0.3
5491,-0.295
5492,-0.3
5493,-0.29
5494,-0.3
5495,-0.31
5496,-0.31
5497,-0.295
5498,-0.295
5499,-0.3
5500,-0.32
5501,-0.315
5502,-0.315
5503,-0.3
5504,-0.31
5505,-0.305
5506,-0.315
5507,-0.305
5508,-0.305
5509,-0.305
5510,-0.3
5511,-0.305
5512,-0.31
5513,-0.315
5514,-0.315
5515,-0.315
5516,-0.32
5517,-0.335
5518,-0.345
5519,-0.335
5520,-0.31
5521,-0.325
5522,-0.32
5523,-0.33
5524,-0.325
5525,-0.325
5526,-0.32
5527,-0.32
5528,-0.315
5529,-0.325
5530,-0.345
5531,-0.335
5532,-0.325
5533,-0.325
5534,-0.33
5535,-0.335
5536,-0.34
5537,-0.335
5538,-0.325
5539,-0.32
5540,-0.315
5541,-0.335
5542,-0.345
5543,-0.335
5544,-0.325
5545,-0.325
5546,-0.32
5547,-0.325
5548,-0.335
5549,-0.32
5550,-0.32
5551,-0.31
5552,-0.31
5553,-0.32
5554,-0.33
5555,-0.34
5556,-0.325
5557,-0.305
5558,-0.305
5559,-0.29
5560,-0.29
5561,-0.27
5562,-0.265
5563,-0.265
5564,-0.26
5565,-0.26
5566,-0.27
5567,-0.275
5568,-0.26
5569,-0.245
5570,-0.235
5571,-0.23
5572,-0.245
5573,-0.24
5574,-0.23
5575,-0.24
5576,-0.225
5577,-0.24
5578,-0.245
5579,-0.24
5580,-0.22
5581,-0.22
5582,-0.23
5583,-0.245
5584,-0.255
5585,-0.24
5586,-0.215
5587,-0.225
5588,-0.255
5589,-0.285
5590,-0.31
5591,-0.31
5592,-0.33
5593,-0.335
5594,-0.35
5595,-0.35
5596,-0.36
5597,-0.355
5598,-0.34
5599,-0.34
5600,-0.335
5601,-0.35
5602,-0.36
5603,-0.36
5604,-0.345
5605,-0.345
5606,-0.35
5607,-0.35
5608,-0.36
5609,-0.35
5610,-0.35
5611,-0.345
5612,-0.355
5613,-0.355
5614,-0.37
5615,-0.375
5616,-0.39
5617,-0.425
5618,-0.455
5619,-0.475
5620,-0.5
5621,-0.54
5622,-0.57
5623,-0.51
5624,-0.415
5625,-0.335
5626,-0.26
5627,-0.15
5628,-0.005
5629,0.205
5630,0.47
5631,0.68
5632,0.825
5633,0.925
5634,0.97
5635,0.885
5636,0.69
5637,0.415
5638,0.105
5639,-0.15
5640,-0.345
5641,-0.435
5642,-0.465
5643,-0.455
5644,-0.425
5645,-0.415
5646,-0.395
5647,-0.375
5648,-0.37
5649,-0.395
5650,-0.4
5651,-0.4
5652,-0.41
5653,-0.4
5654,-0.405
5655,-0.4
5656,-0.405
5657,-0.395
5658,-0.39
5659,-0.38
5660,-0.385
5661,-0.405
5662,-0.42
5663,-0.405
5664,-0.4
5665,-0.39
5666,-0.38
5667,-0.395
5668,-0.395
5669,-0.4
5670,-0.39
5671,-0.41
5672,-0.405
5673,-0.41
5674,-0.41
5675,-0.395
5676,-0.385
5677,-0.395
5678,-0.405
5679,-0.42
5680,-0.435
5681,-0.415
5682,-0.405
5683,-0.41
5684,-0.4
5685,-0.41
5686,-0.415
5687,-0.41
5688,-0.4
5689,-0.405
5690,-0.39
5691,-0.39
5692,-0.4
5693,-0.39
5694,-0.39
5695,-0.39
5696,-0.395
5697,-0.42
5698,-0.42
5699,-0.415
5700,-0.41
5701,-0.395
5702,-0.395
5703,-0.4
5704,-0.415
5705,-0.415
5706,-0.4
5707,-0.4
5708,-0.385
5709,-0.39
5710,-0.41
5711,-0.395
5712,-0.39
5713,-0.38
5714,-0.375
5715,-0.39
5716,-0.405
5717,-0.42
5718,-0.415
5719,-0.415
5720,-0.415
5721,-0.435
5722,-0.465
5723,-0.455
5724,-0.465
5725,-0.46
5726,-0.445
5727,-0.455
5728,-0.465
5729,-0.475
5730,-0.455
5731,-0.46
5732,-0.45
5733,-0.455
5734,-0.47
5735,-0.455
5736,-0.44
5737,-0.42
5738,-0.415
5739,-0.42
5740,-0.41
5741,-0.41
5742,-0.37
5743,-0.36
5744,-0.35
5745,-0.35
5746,-0.345
5747,-0.335
5748,-0.32
5749,-0.3
5750,-0.32
5751,-0.315
5752,-0.34
5753,-0.325
5754,-0.3
5755,-0.3
5756,-0.3
5757,-0.31
5758,-0.33
5759,-0.31
5760,-0.305
5761,-0.3
5762,-0.305
5763,-0.315
5764,-0.33
5765,-0.31
5766,-0.305
5767,-0.31
5768,-0.305
5769,-0.31
5770,-0.31
5771,-0.31
5772,-0.3
5773,-0.305
5774,-0.31
5775,-0.31
5776,-0.32
5777,-0.315
5778,-0.33
5779,-0.315
5780,-0.32
5781,-0.34
5782,-0.34
5783,-0.335
5784,-0.33
5785,-0.32
5786,-0.32
5787,-0.325
5788,-0.35
5789,-0.34
5790,-0.335
5791,-0.335
5792,-0.345
5793,-0.35
5794,-0.36
5795,-0.36
5796,-0.345
5797,-0.335
5798,-0.335
5799,-0.335
5800,-0.345
5801,-0.335
5802,-0.335
5803,-0.33
5804,-0.335
5805,-0.335
5806,-0.35
5807,-0.345
5808,-0.355
5809,-0.345
5810,-0.345
5811,-0.355
5812,-0.365
5813,-0.36
5814,-0.355
5815,-0.345
5816,-0.345
5817,-0.345
5818,-0.36
5819,-0.345
5820,-0.34
5821,-0.335
5822,-0.34
5823,-0.345
5824,-0.37
5825,-0.37
5826,-0.36
5827,-0.34
5828,-0.35
5829,-0.365
5830,-0.355
5831,-0.35
5832,-0.34
5833,-0.34
5834,-0.355
5835,-0.355
5836,-0.35
5837,-0.35
5838,-0.335
5839,-0.34
5840,-0.34
5841,-0.33
5842,-0.35
5843,-0.315
5844,-0.3
5845,-0.29
5846,-0.275
5847,-0.28
5848,-0.285
5849,-0.275
5850,-0.27
5851,-0.255
5852,-0.24
5853,-0.25
5854,-0.255
5855,-0.24
5856,-0.225
5857,-0.225
5858,-0.24
5859,-0.255
5860,-0.26
5861,-0.275
5862,-0.26
5863,-0.245
5864,-0.255
5865,-0.265
5866,-0.28
5867,-0.27
5868,-0.25
5869,-0.235
5870,-0.23
5871,-0.245
5872,-0.27
5873,-0.28
5874,-0.28
5875,-0.29
5876,-0.315
5877,-0.335
5878,-0.355
5879,-0.355
5880,-0.355
5881,-0.36
5882,-0.36
5883,-0.375
5884,-0.38
5885,-0.36
5886,-0.355
5887,-0.35
5888,-0.345
5889,-0.37
5890,-0.37
5891,-0.355
5892,-0.355
5893,-0.35
5894,-0.345
5895,-0.355
5896,-0.355
5897,-0.36
5898,-0.355
5899,-0.355
5900,-0.355
5901,-0.36
5902,-0.375
5903,-0.37
5904,-0.39
5905,-0.425
5906,-0.465
5907,-0.49
5908,-0.525
5909,-0.56
5910,-0.56
5911,-0.495
5912,-0.36
5913,-0.22
5914,-0.045
5915,0.19
5916,0.475
5917,0.725
5918,0.895
5919,0.895
5920,0.71
5921,0.35
5922,-0.055
5923,-0.35
5924,-0.48
5925,-0.49
5926,-0.465
5927,-0.415
5928,-0.405
5929,-0.395
5930,-0.405
5931,-0.42
5932,-0.395
5933,-0.415
5934,-0.4
5935,-0.39
5936,-0.385
5937,-0.395
5938,-0.405
5939,-0.395
5940,-0.4
5941,-0.39
5942,-0.39
5943,-0.4
5944,-0.415
5945,-0.405
5946,-0.39
5947,-0.38
5948,-0.38
5949,-0.405
5950,-0.39
5951,-0.4
5952,-0.39
5953,-0.38
5954,-0.38
5955,-0.405
5956,-0.4
5957,-0.41
5958,-0.4
5959,-0.395
5960,-0.4
5961,-0.4
5962,-0.405
5963,-0.39
5964,-0.38
5965,-0.385
5966,-0.385
5967,-0.39
5968,-0.405
5969,-0.4
5970,-0.4
5971,-0.39
5972,-0.39
5973,-0.41
5974,-0.41
5975,-0.405
5976,-0.4
5977,-0.41
5978,-0.405
5979,-0.41
5980,-0.415
5981,-0.41
5982,-0.405
5983,-0.395
5984,-0.405
5985,-0.4
5986,-0.4
5987,-0.395
5988,-0.405
5989,-0.38
5990,-0.385
5991,-0.39
5992,-0.41
5993,-0.395
5994,-0.39
5995,-0.38
5996,-0.385
5997,-0.405
5998,-0.405
5999,-0.405
6000,-0.4
6001,-0.41
6002,-0.41
6003,-0.415
6004,-0.435
6005,-0.43
6006,-0.415
6007,-0.42
6008,-0.42
6009,-0.44
6010,-0.44
6011,-0.435
6012,-0.435
6013,-0.435
6014,-0.43
6015,-0.445
6016,-0.445
6017,-0.42
6018,-0.425
6019,-0.41
6020,-0.405
6021,-0.4
6022,-0.41
6023,-0.38
6024,-0.37
6025,-0.35
6026,-0.34
6027,-0.355
6028,-0.345
6029,-0.34
6030,-0.315
6031,-0.32
6032,-0.3
6033,-0.3
6034,-0.315
6035,-0.305
6036,-0.3
6037,-0.28
6038,-0.29
6039,-0.29
6040,-0.3
6041,-0.295
6042,-0.295
6043,-0.28
6044,-0.285
6045,-0.29
6046,-0.295
6047,-0.285
6048,-0.28
6049,-0.275
6050,-0.265
6051,-0.28
6052,-0.295
6053,-0.28
6054,-0.28
6055,-0.275
6056,-0.29
6057,-0.295
6058,-0.31
6059,-0.29
6060,-0.29
6061,-0.275
6062,-0.27
6063,-0.295
6064,-0.315
6065,-0.31
6066,-0.3
6067,-0.295
6068,-0.29
6069,-0.3
6070,-0.315
6071,-0.305
6072,-0.3
6073,-0.29
6074,-0.31
6075,-0.315
6076,-0.33
6077,-0.31
6078,-0.305
6079,-0.295
6080,-0.295
6081,-0.305
6082,-0.325
6083,-0.315
6084,-0.315
6085,-0.31
6086,-0.3
6087,-0.315
6088,-0.335
6089,-0.325
6090,-0.325
6091,-0.315
6092,-0.31
6093,-0.32
6094,-0.335
6095,-0.325
6096,-0.31
6097,-0.305
6098,-0.305
6099,-0.32
6100,-0.325
6101,-0.315
6102,-0.31
6103,-0.3
6104,-0.315
6105,-0.325
6106,-0.32
6107,-0.32
6108,-0.32
6109,-0.31
6110,-0.31
6111,-0.31
6112,-0.315
6113,-0.305
6114,-0.285
6115,-0.295
6116,-0.305
6117,-0.31
6118,-0.315
6119,-0.3
6120,-0.315
6121,-0.305
6122,-0.305
6123,-0.325
6124,-0.325
6125,-0.315
6126,-0.3
6127,-0.295
6128,-0.31
6129,-0.315
6130,-0.32
6131,-0.315
6132,-0.31
6133,-0.295
6134,-0.285
6135,-0.27
6136,-0.25
6137,-0.245
6138,-0.23
6139,-0.22
6140,-0.225
6141,-0.235
6142,-0.23
6143,-0.22
6144,-0.205
6145,-0.19
6146,-0.19
6147,-0.19
6148,-0.205
6149,-0.205
6150,-0.205
6151,-0.21
6152,-0.215
6153,-0.225
6154,-0.23
6155,-0.225
6156,-0.22
6157,-0.22
6158,-0.24
6159,-0.24
6160,-0.23
6161,-0.205
6162,-0.195
6163,-0.195
6164,-0.22
6165,-0.245
6166,-0.275
6167,-0.26
6168,-0.275
6169,-0.285
6170,-0.3
6171,-0.3
6172,-0.31
6173,-0.31
6174,-0.32
6175,-0.32
6176,-0.325
6177,-0.335
6178,-0.345
6179,-0.335
6180,-0.335
6181,-0.33
6182,-0.335
6183,-0.345
6184,-0.36
6185,-0.345
6186,-0.335
6187,-0.345
6188,-0.345
6189,-0.355
6190,-0.36
6191,-0.355
6192,-0.34
6193,-0.34
6194,-0.35
6195,-0.35
6196,-0.355
6197,-0.355
6198,-0.355
6199,-0.37
6200,-0.425
6201,-0.465
6202,-0.48
6203,-0.5
6204,-0.53
6205,-0.535
6206,-0.485
6207,-0.395
6208,-0.255
6209,-0.095
6210,0.095
6211,0.35
6212,0.63
6213,0.845
6214,0.955
6215,0.975
6216,0.825
6217,0.48
6218,0.055
6219,-0.27
6220,-0.455
6221,-0.485
6222,-0.44
6223,-0.405
6224,-0.375
6225,-0.375
6226,-0.39
6227,-0.38
6228,-0.36
6229,-0.355
6230,-0.345
6231,-0.365
6232,-0.375
6233,-0.37
6234,-0.37
6235,-0.355
6236,-0.37
6237,-0.375
6238,-0.38
6239,-0.385
6240,-0.38
6241,-0.38
6242,-0.38
6243,-0.385
6244,-0.395
6245,-0.395
6246,-0.39
6247,-0.385
6248,-0.38
6249,-0.38
6250,-0.395
6251,-0.39
6252,-0.38
6253,-0.37
6254,-0.375
6255,-0.385
6256,-0.38
6257,-0.375
6258,-0.365
6259,-0.36
6260,-0.365
6261,-0.365
6262,-0.385
6263,-0.37
6264,-0.365
6265,-0.355
6266,-0.385
6267,-0.395
6268,-0.395
6269,-0.385
6270,-0.37
6271,-0.38
6272,-0.37
6273,-0.375
6274,-0.39
6275,-0.385
6276,-0.38
6277,-0.37
6278,-0.37
6279,-0.385
6280,-0.385
6281,-0.38
6282,-0.385
6283,-0.37
6284,-0.375
6285,-0.375
6286,-0.38
6287,-0.38
6288,-0.355
6289,-0.36
6290,-0.365
6291,-0.37
6292,-0.38
6293,-0.37
6294,-0.375
6295,-0.36
6296,-0.37
6297,-0.38
6298,-0.385
6299,-0.375
6300,-0.375
6301,-0.37
6302,-0.37
6303,-0.385
6304,-0.4
6305,-0.395
6306,-0.385
6307,-0.395
6308,-0.38
6309,-0.4
6310,-0.4
6311,-0.4
6312,-0.39
6313,-0.39
6314,-0.385
6315,-0.4
6316,-0.4
6317,-0.385
6318,-0.38
6319,-0.38
6320,-0.385
6321,-0.385
6322,-0.405
6323,-0.395
6324,-0.38
6325,-0.37
6326,-0.37
6327,-0.38
6328,-0.365
6329,-0.355
6330,-0.335
6331,-0.325
6332,-0.32
6333,-0.32
6334,-0.33
6335,-0.315
6336,-0.3
6337,-0.295
6338,-0.285
6339,-0.295
6340,-0.29
6341,-0.285
6342,-0.27
6343,-0.26
6344,-0.265
6345,-0.275
6346,-0.28
6347,-0.275
6348,-0.27
6349,-0.27
6350,-0.26
6351,-0.27
6352,-0.28
6353,-0.285
6354,-0.275
6355,-0.265
6356,-0.27
6357,-0.285
6358,-0.285
6359,-0.285
6360,-0.275
6361,-0.28
6362,-0.275
6363,-0.285
6364,-0.295
6365,-0.295
6366,-0.285
6367,-0.28
6368,-0.27
6369,-0.285
6370,-0.275
6371,-0.29
6372,-0.285
6373,-0.28
6374,-0.29
6375,-0.3
6376,-0.31
6377,-0.31
6378,-0.31
6379,-0.3
6380,-0.3
6381,-0.315
6382,-0.325
6383,-0.315
6384,-0.305
6385,-0.31
6386,-0.31
6387,-0.315
6388,-0.33
6389,-0.325
6390,-0.32
6391,-0.32
6392,-0.315
6393,-0.325
6394,-0.33
6395,-0.335
6396,-0.325
6397,-0.32
6398,-0.32
6399,-0.315
6400,-0.32
6401,-0.31
6402,-0.31
6403,-0.3
6404,-0.305
6405,-0.32
6406,-0.34
6407,-0.335
6408,-0.33
6409,-0.32
6410,-0.33
6411,-0.33
6412,-0.335
6413,-0.34
6414,-0.335
6415,-0.325
6416,-0.34
6417,-0.345
6418,-0.34
6419,-0.34
6420,-0.325
6421,-0.34
6422,-0.335
6423,-0.34
6424,-0.35
6425,-0.34
6426,-0.33
6427,-0.33
6428,-0.325
6429,-0.335
6430,-0.34
6431,-0.335
6432,-0.315
6433,-0.315
6434,-0.31
6435,-0.32
6436,-0.33
6437,-0.32
6438,-0.305
6439,-0.31
6440,-0.305
6441,-0.295
6442,-0.32
6443,-0.305
6444,-0.29
6445,-0.285
6446,-0.285
6447,-0.285
6448,-0.285
6449,-0.265
6450,-0.25
6451,-0.25
6452,-0.25
6453,-0.25
6454,-0.25
6455,-0.25
6456,-0.23
6457,-0.215
6458,-0.225
6459,-0.225
6460,-0.23
6461,-0.23
6462,-0.225
6463,-0.215
6464,-0.215
6465,-0.23
6466,-0.25
6467,-0.24
6468,-0.23
6469,-0.23
6470,-0.24
6471,-0.25
6472,-0.255
6473,-0.22
6474,-0.2
6475,-0.2
6476,-0.225
6477,-0.265
6478,-0.29
6479,-0.29
6480,-0.3
6481,-0.31
6482,-0.325
6483,-0.335
6484,-0.34
6485,-0.35
6486,-0.34
6487,-0.34
6488,-0.345
6489,-0.33
6490,-0.35
6491,-0.345
6492,-0.345
6493,-0.34
6494,-0.35
6495,-0.355
6496,-0.355
6497,-0.355
6498,-0.345
6499,-0.34
6500,-0.34
6501,-0.355
6502,-0.36
6503,-0.36
6504,-0.355
6505,-0.345
6506,-0.345
6507,-0.36
6508,-0.37
6509,-0.375
6510,-0.37
6511,-0.38
6512,-0.42
6513,-0.465
6514,-0.485
6515,-0.515
6516,-0.545
6517,-0.575
6518,-0.545
6519,-0.45
6520,-0.325
6521,-0.195
6522,-0.045
6523,0.165
6524,0.425
6525,0.655
6526,0.81
6527,0.875
6528,0.815
6529,0.59
6530,0.22
6531,-0.15
6532,-0.38
6533,-0.47
6534,-0.465
6535,-0.425
6536,-0.385
6537,-0.375
6538,-0.395
6539,-0.385
6540,-0.375
6541,-0.355
6542,-0.37
6543,-0.36
6544,-0.365
6545,-0.37
6546,-0.37
6547,-0.36
6548,-0.365
6549,-0.375
6550,-0.38
6551,-0.37
6552,-0.37
6553,-0.37
6554,-0.38
6555,-0.385
6556,-0.395
6557,-0.39
6558,-0.38
6559,-0.375
6560,-0.375
6561,-0.395
6562,-0.4
6563,-0.395
6564,-0.37
6565,-0.37
6566,-0.37
6567,-0.365
6568,-0.39
6569,-0.385
6570,-0.375
6571,-0.36
6572,-0.38
6573,-0.39
6574,-0.39
6575,-0.385
6576,-0.375
6577,-0.375
6578,-0.375
6579,-0.38
6580,-0.39
6581,-0.38
6582,-0.365
6583,-0.38
6584,-0.38
6585,-0.385
6586,-0.39
6587,-0.39
6588,-0.38
6589,-0.38
6590,-0.385
6591,-0.395
6592,-0.4
6593,-0.385
6594,-0.38
6595,-0.36
6596,-0.37
6597,-0.375
6598,-0.37
6599,-0.385
6600,-0.37
6601,-0.365
6602,-0.36
6603,-0.365
6604,-0.375
6605,-0.38
6606,-0.365
6607,-0.37
6608,-0.36
6609,-0.37
6610,-0.395
6611,-0.385
6612,-0.385
6613,-0.39
6614,-0.39
6615,-0.39
6616,-0.41
6617,-0.39
6618,-0.38
6619,-0.39
6620,-0.38
6621,-0.395
6622,-0.405
6623,-0.405
6624,-0.395
6625,-0.39
6626,-0.39
6627,-0.41
6628,-0.415
6629,-0.39
6630,-0.38
6631,-0.39
6632,-0.385
6633,-0.39
6634,-0.39
6635,-0.38
6636,-0.36
6637,-0.355
6638,-0.345
6639,-0.34
6640,-0.345
6641,-0.33
6642,-0.32
6643,-0.315
6644,-0.3
6645,-0.305
6646,-0.32
6647,-0.3
6648,-0.275
6649,-0.275
6650,-0.275
6651,-0.275
6652,-0.28
6653,-0.285
6654,-0.275
6655,-0.275
6656,-0.28
6657,-0.295
6658,-0.305
6659,-0.305
6660,-0.3
6661,-0.29
6662,-0.285
6663,-0.295
6664,-0.31
6665,-0.3
6666,-0.3
6667,-0.295
6668,-0.3
6669,-0.305
6670,-0.31
6671,-0.315
6672,-0.305
6673,-0.31
6674,-0.31
6675,-0.315
6676,-0.32
6677,-0.305
6678,-0.29
6679,-0.285
6680,-0.295
6681,-0.3
6682,-0.315
6683,-0.31
6684,-0.315
6685,-0.32
6686,-0.32
6687,-0.33
6688,-0.34
6689,-0.32
6690,-0.31
6691,-0.32
6692,-0.32
6693,-0.33
6694,-0.345
6695,-0.34
6696,-0.33
6697,-0.33
6698,-0.32
6699,-0.33
6700,-0.325
6701,-0.325
6702,-0.32
6703,-0.315
6704,-0.32
6705,-0.33
6706,-0.345
6707,-0.32
6708,-0.315
6709,-0.315
6710,-0.32
6711,-0.325
6712,-0.335
6713,-0.34
6714,-0.33
6715,-0.325
6716,-0.315
6717,-0.335
6718,-0.345
6719,-0.34
6720,-0.325
6721,-0.32
6722,-0.33
6723,-0.345
6724,-0.34
6725,-0.33
6726,-0.34
6727,-0.325
6728,-0.315
6729,-0.31
6730,-0.325
6731,-0.315
6732,-0.33
6733,-0.315
6734,-0.32
6735,-0.325
6736,-0.33
6737,-0.33
6738,-0.315
6739,-0.31
6740,-0.305
6741,-0.31
6742,-0.31
6743,-0.3
6744,-0.285
6745,-0.275
6746,-0.27
6747,-0.27
6748,-0.28
6749,-0.265
6750,-0.255
6751,-0.25
6752,-0.245
6753,-0.25
6754,-0.245
6755,-0.225
6756,-0.215
6757,-0.22
6758,-0.22
6759,-0.23
6760,-0.235
6761,-0.24
6762,-0.24
6763,-0.23
6764,-0.225
6765,-0.24
6766,-0.27
6767,-0.25
6768,-0.255
6769,-0.235
6770,-0.225
6771,-0.215
6772,-0.24
6773,-0.26
6774,-0.275
6775,-0.285
6776,-0.315
6777,-0.32
6778,-0.345
6779,-0.35
6780,-0.35
6781,-0.36
6782,-0.365
6783,-0.355
6784,-0.36
6785,-0.36
6786,-0.36
6787,-0.35
6788,-0.345
6789,-0.355
6790,-0.375
6791,-0.365
6792,-0.35
6793,-0.345
6794,-0.34
6795,-0.335
6796,-0.355
6797,-0.365
6798,-0.35
6799,-0.345
6800,-0.345
6801,-0.355
6802,-0.37
6803,-0.37
6804,-0.365
6805,-0.36
6806,-0.385
6807,-0.415
6808,-0.455
6809,-0.465
6810,-0.46
6811,-0.475
6812,-0.495
6813,-0.555
6814,-0.585
6815,-0.55
6816,-0.46
6817,-0.345
6818,-0.205
6819,-0.04
6820,0.19
6821,0.455
6822,0.68
6823,0.84
6824,0.88
6825,0.725
6826,0.4
6827,0.0
6828,-0.28
6829,-0.435
6830,-0.51
6831,-0.485
6832,-0.46
6833,-0.43
6834,-0.405
6835,-0.41
6836,-0.41
6837,-0.415
6838,-0.405
6839,-0.415
6840,-0.395
6841,-0.39
6842,-0.395
6843,-0.405
6844,-0.41
6845,-0.41
6846,-0.395
6847,-0.39
6848,-0.4
6849,-0.4
6850,-0.395
6851,-0.4
6852,-0.385
6853,-0.385
6854,-0.395
6855,-0.41
6856,-0.42
6857,-0.41
6858,-0.4
6859,-0.39
6860,-0.41
6861,-0.415
6862,-0.425
6863,-0.425
6864,-0.405
6865,-0.4
6866,-0.425
6867,-0.415
6868,-0.415
6869,-0.41
6870,-0.405
6871,-0.4
6872,-0.41
6873,-0.405
6874,-0.415
6875,-0.41
6876,-0.4
6877,-0.395
6878,-0.4
6879,-0.405
6880,-0.405
6881,-0.415
6882,-0.405
6883,-0.4
6884,-0.405
6885,-0.41
6886,-0.42
6887,-0.415
6888,-0.4
6889,-0.395
6890,-0.4
6891,-0.415
6892,-0.42
6893,-0.41
6894,-0.4
6895,-0.395
6896,-0.4
6897,-0.415
6898,-0.41
6899,-0.415
6900,-0.415
6901,-0.405
6902,-0.41
6903,-0.42
6904,-0.44
6905,-0.43
6906,-0.43
6907,-0.425
6908,-0.435
6909,-0.435
6910,-0.44
6911,-0.45
6912,-0.45
6913,-0.45
6914,-0.465
6915,-0.47
6916,-0.485
6917,-0.465
6918,-0.455
6919,-0.45
6920,-0.45
6921,-0.47
6922,-0.485
6923,-0.46
6924,-0.445
6925,-0.435
6926,-0.425
6927,-0.43
6928,-0.43
6929,-0.415
6930,-0.385
6931,-0.365
6932,-0.375
6933,-0.36
6934,-0.36
6935,-0.35
6936,-0.335
6937,-0.335
6938,-0.325
6939,-0.335
6940,-0.335
6941,-0.335
6942,-0.31
6943,-0.31
6944,-0.315
6945,-0.315
6946,-0.32
6947,-0.315
6948,-0.295
6949,-0.295
6950,-0.3
6951,-0.305
6952,-0.33
6953,-0.325
6954,-0.315
6955,-0.325
6956,-0.32
6957,-0.33
6958,-0.335
6959,-0.335
6960,-0.33
6961,-0.305
6962,-0.325
6963,-0.325
6964,-0.325
6965,-0.325
6966,-0.31
6967,-0.305
6968,-0.315
6969,-0.325
6970,-0.33
6971,-0.325
6972,-0.325
6973,-0.34
6974,-0.34
6975,-0.34
6976,-0.345
6977,-0.34
6978,-0.325
6979,-0.33
6980,-0.32
6981,-0.325
6982,-0.34
6983,-0.34
6984,-0.335
6985,-0.34
6986,-0.35
6987,-0.355
6988,-0.36
6989,-0.35
6990,-0.345
6991,-0.345
6992,-0.36
6993,-0.355
6994,-0.37
6995,-0.365
6996,-0.35
6997,-0.36
6998,-0.35
6999,-0.36
7000,-0.37
7001,-0.36
7002,-0.355
7003,-0.345
7004,-0.345
7005,-0.35
7006,-0.35
7007,-0.345
7008,-0.335
7009,-0.33
7010,-0.34
7011,-0.345
7012,-0.35
7013,-0.345
7014,-0.345
7015,-0.34
7016,-0.34
7017,-0.345
7018,-0.36
7019,-0.35
7020,-0.345
7021,-0.335
7022,-0.345
7023,-0.345
7024,-0.355
7025,-0.345
7026,-0.335
7027,-0.325
7028,-0.32
7029,-0.305
7030,-0.305
7031,-0.3
7032,-0.285
7033,-0.28
7034,-0.265
7035,-0.275
7036,-0.27
7037,-0.245
7038,-0.24
7039,-0.23
7040,-0.235
7041,-0.23
7042,-0.245
7043,-0.245
7044,-0.24
7045,-0.25
7046,-0.255
7047,-0.255
7048,-0.27
7049,-0.265
7050,-0.265
7051,-0.265
7052,-0.255
7053,-0.25
7054,-0.235
7055,-0.23
7056,-0.25
7057,-0.26
7058,-0.28
7059,-0.305
7060,-0.34
7061,-0.33
7062,-0.335
7063,-0.33
7064,-0.345
7065,-0.35
7066,-0.36
7067,-0.36
7068,-0.36
7069,-0.365
7070,-0.365
7071,-0.355
7072,-0.365
7073,-0.36
7074,-0.36
7075,-0.36
7076,-0.355
7077,-0.375
7078,-0.375
7079,-0.365
7080,-0.36
7081,-0.37
7082,-0.36
7083,-0.38
7084,-0.39
7085,-0.385
7086,-0.385
7087,-0.365
7088,-0.375
7089,-0.375
7090,-0.4
7091,-0.395
7092,-0.43
7093,-0.46
7094,-0.48
7095,-0.51
7096,-0.57
7097,-0.585
7098,-0.515
7099,-0.385
7100,-0.24
7101,-0.085
7102,0.125
7103,0.405
7104,0.675
7105,0.865
7106,0.935
7107,0.84
7108,0.555
7109,0.14
7110,-0.2
7111,-0.405
7112,-0.485
7113,-0.485
7114,-0.45
7115,-0.385
7116,-0.385
7117,-0.385
7118,-0.39
7119,-0.385
7120,-0.395
7121,-0.39
7122,-0.385
7123,-0.385
7124,-0.39
7125,-0.395
7126,-0.39
7127,-0.39
7128,-0.395
7129,-0.38
7130,-0.385
7131,-0.39
7132,-0.405
7133,-0.4
7134,-0.395
7135,-0.39
7136,-0.39
7137,-0.39
7138,-0.405
7139,-0.375
7140,-0.39
7141,-0.38
7142,-0.39
7143,-0.385
7144,-0.39
7145,-0.385
7146,-0.37
7147,-0.365
7148,-0.365
7149,-0.38
7150,-0.39
7151,-0.39
7152,-0.385
7153,-0.375
7154,-0.38
7155,-0.39
7156,-0.39
7157,-0.395
7158,-0.375
7159,-0.385
7160,-0.385
7161,-0.4
7162,-0.39
7163,-0.385
7164,-0.385
7165,-0.375
7166,-0.38
7167,-0.395
7168,-0.405
7169,-0.385
7170,-0.38
7171,-0.375
7172,-0.38
7173,-0.38
7174,-0.39
7175,-0.39
7176,-0.38
7177,-0.355
7178,-0.355
7179,-0.37
7180,-0.385
7181,-0.375
7182,-0.385
7183,-0.375
7184,-0.39
7185,-0.39
7186,-0.4
7187,-0.4
7188,-0.385
7189,-0.39
7190,-0.39
7191,-0.405
7192,-0.415
7193,-0.405
7194,-0.405
7195,-0.405
7196,-0.41
7197,-0.425
7198,-0.43
7199,-0.42
